{
  "ErrorMessage": "",
  "IsSuccess": true,
  "Response": [
    {
      "TrainId": 1,
      "TrainNumber": 1,
      "TrainName": "Khyber Mail 1UP",
      "TrainNameUR": "خیبر میل 1 اپ",
      "TrainNameWithNumber": "Khyber Mail 1UP1",
      "TrainDescription": "Karachi Cantt TO Peshawar Cantt",
      "IsActive": null,
      "Imei": "9172345733",
      "IsLive": true,
      "IsUp": true,
      "LocomotiveNumber": null,
      "TrainRideId": 0,
      "AllocatedDate": null
    },
    {
      "TrainId": 2,
      "TrainNumber": 2,
      "TrainName": "Khyber Mail 2DN",
      "TrainNameUR": "خیبر میل 2 ڈائون",
      "TrainNameWithNumber": "Khyber Mail 2DN2",
      "TrainDescription": "Peshawar Cantt TO Karachi Cantt",
      "IsActive": null,
      "Imei": "9172345010",
      "IsLive": true,
      "IsUp": false,
      "LocomotiveNumber": null,
      "TrainRideId": 0,
      "AllocatedDate": null
    },
    {
      "TrainId": 3,
      "TrainNumber": 3,
      "TrainName": "Bolan Mail 3UP",
      "TrainNameUR": "بولان میل 3اپ ",
      "TrainNameWithNumber": "Bolan Mail 3UP3",
      "TrainDescription": "Karachi City TO Jacobabad Jn",
      "IsActive": null,
      "Imei": "9170746497",
      "IsLive": false,
      "IsUp": true,
      "LocomotiveNumber": null,
      "TrainRideId": 0,
      "AllocatedDate": null
    },
    {
      "TrainId": 4,
      "TrainNumber": 4,
      "TrainName": "Bolan Mail 4DN",
      "TrainNameUR": "بولان میل 4 ڈاؤن ",
      "TrainNameWithNumber": "Bolan Mail 4DN4",
      "TrainDescription": "Jacobabad Jn TO Karachi City",
      "IsActive": null,
      "Imei": "9170746816",
      "IsLive": false,
      "IsUp": false,
      "LocomotiveNumber": null,
      "TrainRideId": 0,
      "AllocatedDate": null
    },
    {
      "TrainId": 5,
      "TrainNumber": 5,
      "TrainName": "Green Line 5UP",
      "TrainNameUR": "گرين لائن5 اپ",
      "TrainNameWithNumber": "Green Line 5UP5",
      "TrainDescription": "Karachi Cantt TO Margala",
      "IsActive": null,
      "Imei": "9172344613",
      "IsLive": true,
      "IsUp": true,
      "LocomotiveNumber": null,
      "TrainRideId": 0,
      "AllocatedDate": null
    },
    {
      "TrainId": 6,
      "TrainNumber": 6,
      "TrainName": "Green Line 6DN",
      "TrainNameUR": "گرين لائن 6 ڈاؤن ",
      "TrainNameWithNumber": "Green Line 6DN6",
      "TrainDescription": "Margala TO Karachi Cantt",
      "IsActive": null,
      "Imei": "9170863662",
      "IsLive": true,
      "IsUp": false,
      "LocomotiveNumber": null,
      "TrainRideId": 0,
      "AllocatedDate": null
    },
    {
      "TrainId": 7,
      "TrainNumber": 7,
      "TrainName": "Tezgam 7UP",
      "TrainNameUR": "تيزگام 7 اپ ",
      "TrainNameWithNumber": "Tezgam 7UP7",
      "TrainDescription": "Karachi Cantt TO Rawalpindi",
      "IsActive": null,
      "Imei": "9172345722",
      "IsLive": true,
      "IsUp": true,
      "LocomotiveNumber": null,
      "TrainRideId": 0,
      "AllocatedDate": null
    },
    {
      "TrainId": 8,
      "TrainNumber": 8,
      "TrainName": "Tezgam 8DN",
      "TrainNameUR": "تیزگام 8 ڈاؤن ",
      "TrainNameWithNumber": "Tezgam 8DN8",
      "TrainDescription": "Rawalpindi TO Karachi Cantt",
      "IsActive": null,
      "Imei": "9172345587",
      "IsLive": true,
      "IsUp": false,
      "LocomotiveNumber": null,
      "TrainRideId": 0,
      "AllocatedDate": null
    },
    {
      "TrainId": 9,
      "TrainNumber": 9,
      "TrainName": "Allama Iqbal Express 9UP",
      "TrainNameUR": "علامہ اقبال ایکسپریس 9 اپ",
      "TrainNameWithNumber": "Allama Iqbal Express 9UP9",
      "TrainDescription": "Karachi Cantt TO Sialkot Jn",
      "IsActive": null,
      "Imei": "9170667023",
      "IsLive": true,
      "IsUp": true,
      "LocomotiveNumber": null,
      "TrainRideId": 0,
      "AllocatedDate": null
    },
    {
      "TrainId": 10,
      "TrainNumber": 10,
      "TrainName": "Allama Iqbal Express 10DN",
      "TrainNameUR": "علامہ اقبال ایکسپریس 10 ڈائون",
      "TrainNameWithNumber": "Allama Iqbal Express 10DN10",
      "TrainDescription": "Sialkot Jn TO Karachi Cantt",
      "IsActive": null,
      "Imei": "9172345567",
      "IsLive": true,
      "IsUp": false,
      "LocomotiveNumber": null,
      "TrainRideId": 0,
      "AllocatedDate": null
    },
    {
      "TrainId": 11,
      "TrainNumber": 11,
      "TrainName": "Hazara Express 11UP",
      "TrainNameUR": "ہزارا ایکسپریس 11 اپ",
      "TrainNameWithNumber": "Hazara Express 11UP11",
      "TrainDescription": "Karachi City TO Havelian",
      "IsActive": null,
      "Imei": "9172344777",
      "IsLive": true,
      "IsUp": true,
      "LocomotiveNumber": null,
      "TrainRideId": 0,
      "AllocatedDate": null
    },
    {
      "TrainId": 12,
      "TrainNumber": 12,
      "TrainName": "Hazara Express 12DN",
      "TrainNameUR": "ہزارا ایکسپریس 12ڈاؤن",
      "TrainNameWithNumber": "Hazara Express 12DN12",
      "TrainDescription": "Havelian TO Karachi City",
      "IsActive": null,
      "Imei": "9172344652",
      "IsLive": true,
      "IsUp": false,
      "LocomotiveNumber": null,
      "TrainRideId": 0,
      "AllocatedDate": null
    },
    {
      "TrainId": 13,
      "TrainNumber": 13,
      "TrainName": "Awam Express 13UP",
      "TrainNameUR": "عوام ایکسپریس 13 اپ",
      "TrainNameWithNumber": "Awam Express 13UP13",
      "TrainDescription": "Karachi Cantt TO Peshawar Cantt",
      "IsActive": null,
      "Imei": "9172345928",
      "IsLive": true,
      "IsUp": true,
      "LocomotiveNumber": null,
      "TrainRideId": 0,
      "AllocatedDate": null
    },
    {
      "TrainId": 14,
      "TrainNumber": 14,
      "TrainName": "Awam Express 14DN",
      "TrainNameUR": "عوام ایکسپریس 14 ڈائون",
      "TrainNameWithNumber": "Awam Express 14DN14",
      "TrainDescription": "Peshawar Cantt TO Karachi Cantt",
      "IsActive": null,
      "Imei": "9172345937",
      "IsLive": true,
      "IsUp": false,
      "LocomotiveNumber": null,
      "TrainRideId": 0,
      "AllocatedDate": null
    },
    {
      "TrainId": 15,
      "TrainNumber": 15,
      "TrainName": "Karachi Express 15UP",
      "TrainNameUR": "کراچی ایکسپریس 15 اپ",
      "TrainNameWithNumber": "Karachi Express 15UP15",
      "TrainDescription": "Karachi Cantt TO Lahore Jn.",
      "IsActive": null,
      "Imei": "9172345934",
      "IsLive": true,
      "IsUp": true,
      "LocomotiveNumber": null,
      "TrainRideId": 0,
      "AllocatedDate": null
    },
    {
      "TrainId": 16,
      "TrainNumber": 16,
      "TrainName": "Karachi Express 16DN",
      "TrainNameUR": "کراچی ایکسپریس 16 ڈائون",
      "TrainNameWithNumber": "Karachi Express 16DN16",
      "TrainDescription": "Lahore Jn. TO Karachi Cantt",
      "IsActive": null,
      "Imei": "9170976498",
      "IsLive": true,
      "IsUp": false,
      "LocomotiveNumber": null,
      "TrainRideId": 0,
      "AllocatedDate": null
    },
    {
      "TrainId": 17,
      "TrainNumber": 17,
      "TrainName": "Millat Express 17UP",
      "TrainNameUR": "ملت ایکسپریس 17 اپ",
      "TrainNameWithNumber": "Millat Express 17UP17",
      "TrainDescription": "Karachi Cantt TO Lala Musa Jn.",
      "IsActive": null,
      "Imei": "9172344489",
      "IsLive": true,
      "IsUp": true,
      "LocomotiveNumber": null,
      "TrainRideId": 0,
      "AllocatedDate": null
    },
    {
      "TrainId": 18,
      "TrainNumber": 18,
      "TrainName": "Millat Express 18DN",
      "TrainNameUR": "ملت ایکسپریس 18 ڈائون",
      "TrainNameWithNumber": "Millat Express 18DN18",
      "TrainDescription": "Lala Musa Jn. TO Karachi Cantt",
      "IsActive": null,
      "Imei": "9172344690",
      "IsLive": true,
      "IsUp": false,
      "LocomotiveNumber": null,
      "TrainRideId": 0,
      "AllocatedDate": null
    },
    {
      "TrainId": 9052,
      "TrainNumber": 19,
      "TrainName": "Khushhal Khan Khatak Express 19Up",
      "TrainNameUR": "خوشحال خان خٹک ایکسپریس",
      "TrainNameWithNumber": "Khushhal Khan Khatak Express 19Up19",
      "TrainDescription": null,
      "IsActive": null,
      "Imei": "9172344913",
      "IsLive": false,
      "IsUp": true,
      "LocomotiveNumber": null,
      "TrainRideId": 0,
      "AllocatedDate": null
    },
    {
      "TrainId": 9053,
      "TrainNumber": 20,
      "TrainName": "Khushhal Khan Khatak Express 20Dn",
      "TrainNameUR": " خوشحال خان خٹک ایکسپریس",
      "TrainNameWithNumber": "Khushhal Khan Khatak Express 20Dn20",
      "TrainDescription": null,
      "IsActive": null,
      "Imei": "9172345783",
      "IsLive": false,
      "IsUp": false,
      "LocomotiveNumber": null,
      "TrainRideId": 0,
      "AllocatedDate": null
    },
    {
      "TrainId": 25,
      "TrainNumber": 25,
      "TrainName": "Bahauddin Zikria Express 25UP",
      "TrainNameUR": "بہائو الدین زکریا ایکسپری25 اپ ",
      "TrainNameWithNumber": "Bahauddin Zikria Express 25UP25",
      "TrainDescription": "Karachi City TO Multan Cantt",
      "IsActive": null,
      "Imei": "9172344995",
      "IsLive": true,
      "IsUp": true,
      "LocomotiveNumber": null,
      "TrainRideId": 0,
      "AllocatedDate": null
    },
    {
      "TrainId": 26,
      "TrainNumber": 26,
      "TrainName": "Bahauddin Zikria Express 26DN",
      "TrainNameUR": "بہائو الدین زکریا ایکسپریس26 ڈائون ",
      "TrainNameWithNumber": "Bahauddin Zikria Express 26DN26",
      "TrainDescription": "Multan Cantt TO Karachi City",
      "IsActive": null,
      "Imei": "9172346275",
      "IsLive": true,
      "IsUp": false,
      "LocomotiveNumber": null,
      "TrainRideId": 0,
      "AllocatedDate": null
    },
    {
      "TrainId": 27,
      "TrainNumber": 27,
      "TrainName": "Shalimar Express 27UP",
      "TrainNameUR": "شالیمار ایکسپریس 27 اپ",
      "TrainNameWithNumber": "Shalimar Express 27UP27",
      "TrainDescription": "Karachi Cantt TO Lahore Jn.",
      "IsActive": null,
      "Imei": "9172344681",
      "IsLive": true,
      "IsUp": true,
      "LocomotiveNumber": null,
      "TrainRideId": 0,
      "AllocatedDate": null
    },
    {
      "TrainId": 28,
      "TrainNumber": 28,
      "TrainName": "Shalimar Express 28DN",
      "TrainNameUR": "شالیمار ایکسپریس 28 ڈائون",
      "TrainNameWithNumber": "Shalimar Express 28DN28",
      "TrainDescription": "Lahore Jn. TO Karachi Cantt",
      "IsActive": null,
      "Imei": "9172345759",
      "IsLive": true,
      "IsUp": false,
      "LocomotiveNumber": null,
      "TrainRideId": 0,
      "AllocatedDate": null
    },
    {
      "TrainId": 33,
      "TrainNumber": 33,
      "TrainName": "Pak Business 33UP",
      "TrainNameUR": "پاک بزنس 33 اپ",
      "TrainNameWithNumber": "Pak Business 33UP33",
      "TrainDescription": "Karachi Cantt TO Lahore Jn.",
      "IsActive": null,
      "Imei": "9172345726",
      "IsLive": false,
      "IsUp": true,
      "LocomotiveNumber": null,
      "TrainRideId": 0,
      "AllocatedDate": null
    },
    {
      "TrainId": 34,
      "TrainNumber": 34,
      "TrainName": "Pak Business 34DN",
      "TrainNameUR": "پاک بزنس 34 ڈائون",
      "TrainNameWithNumber": "Pak Business 34DN34",
      "TrainDescription": "Lahore Jn. TO Karachi Cantt",
      "IsActive": null,
      "Imei": "9172345722",
      "IsLive": false,
      "IsUp": false,
      "LocomotiveNumber": null,
      "TrainRideId": 0,
      "AllocatedDate": null
    },
    {
      "TrainId": 35,
      "TrainNumber": 35,
      "TrainName": "Sir Sayyed Express 35UP",
      "TrainNameUR": "سر سید ایکپریس 35اپ",
      "TrainNameWithNumber": "Sir Sayyed Express 35UP35",
      "TrainDescription": "Karachi Cantt TO Rawalpindi",
      "IsActive": null,
      "Imei": "9172345785",
      "IsLive": false,
      "IsUp": true,
      "LocomotiveNumber": null,
      "TrainRideId": 0,
      "AllocatedDate": null
    },
    {
      "TrainId": 36,
      "TrainNumber": 36,
      "TrainName": "Sir Sayyed Express 36DN",
      "TrainNameUR": "سر سید ایکپریس 36 ڈاؤن",
      "TrainNameWithNumber": "Sir Sayyed Express 36DN36",
      "TrainDescription": "Rawalpindi TO Karachi Cantt",
      "IsActive": null,
      "Imei": "9172344997",
      "IsLive": false,
      "IsUp": false,
      "LocomotiveNumber": null,
      "TrainRideId": 0,
      "AllocatedDate": null
    },
    {
      "TrainId": 37,
      "TrainNumber": 37,
      "TrainName": "Fareed Express 37UP",
      "TrainNameUR": "فرید ایکسپریس 37 اپ",
      "TrainNameWithNumber": "Fareed Express 37UP37",
      "TrainDescription": "Karachi City TO Lahore Jn.",
      "IsActive": true,
      "Imei": "9172344993",
      "IsLive": true,
      "IsUp": true,
      "LocomotiveNumber": null,
      "TrainRideId": 0,
      "AllocatedDate": null
    },
    {
      "TrainId": 38,
      "TrainNumber": 38,
      "TrainName": "Fareed Express 38DN",
      "TrainNameUR": "فرید ایکسپریس 38 ڈائون",
      "TrainNameWithNumber": "Fareed Express 38DN38",
      "TrainDescription": "Lahore Jn. TO Karachi City",
      "IsActive": null,
      "Imei": "9172344985",
      "IsLive": true,
      "IsUp": false,
      "LocomotiveNumber": null,
      "TrainRideId": 0,
      "AllocatedDate": null
    },
    {
      "TrainId": 39,
      "TrainNumber": 39,
      "TrainName": "Jaffar Express 39UP",
      "TrainNameUR": "جعفر ایکسپریس 39 اپ",
      "TrainNameWithNumber": "Jaffar Express 39UP39",
      "TrainDescription": "Jacobabad Jn TO Peshawar Cantt",
      "IsActive": null,
      "Imei": "9172345632",
      "IsLive": true,
      "IsUp": true,
      "LocomotiveNumber": null,
      "TrainRideId": 0,
      "AllocatedDate": null
    },
    {
      "TrainId": 40,
      "TrainNumber": 40,
      "TrainName": "Jaffar Express 40DN",
      "TrainNameUR": "جعفر ایکسپریس 40 ڈائون",
      "TrainNameWithNumber": "Jaffar Express 40DN40",
      "TrainDescription": "Peshawar Cantt TO Jacobabad Jn",
      "IsActive": null,
      "Imei": "9170746701",
      "IsLive": true,
      "IsUp": false,
      "LocomotiveNumber": null,
      "TrainRideId": 0,
      "AllocatedDate": null
    },
    {
      "TrainId": 41,
      "TrainNumber": 41,
      "TrainName": "Karakoram Express 41UP",
      "TrainNameUR": "قراقرم ایکسپریس 41 اپ",
      "TrainNameWithNumber": "Karakoram Express 41UP41",
      "TrainDescription": "Karachi Cantt TO Lahore Jn.",
      "IsActive": null,
      "Imei": "9172345785",
      "IsLive": true,
      "IsUp": true,
      "LocomotiveNumber": null,
      "TrainRideId": 0,
      "AllocatedDate": null
    },
    {
      "TrainId": 42,
      "TrainNumber": 42,
      "TrainName": "Karakoram Express 42DN",
      "TrainNameUR": "قراقرم ایکسپریس 42 ڈائون",
      "TrainNameWithNumber": "Karakoram Express 42DN42",
      "TrainDescription": "Lahore Jn. TO Karachi Cantt",
      "IsActive": null,
      "Imei": "9172344809",
      "IsLive": true,
      "IsUp": false,
      "LocomotiveNumber": null,
      "TrainRideId": 0,
      "AllocatedDate": null
    },
    {
      "TrainId": 9049,
      "TrainNumber": 43,
      "TrainName": "Shah Hussain Express 43UP",
      "TrainNameUR": "شاہ حسین ایکسپریس 43اپ ",
      "TrainNameWithNumber": "Shah Hussain Express 43UP43",
      "TrainDescription": null,
      "IsActive": null,
      "Imei": "9170976498",
      "IsLive": false,
      "IsUp": true,
      "LocomotiveNumber": null,
      "TrainRideId": 0,
      "AllocatedDate": null
    },
    {
      "TrainId": 9050,
      "TrainNumber": 44,
      "TrainName": "Shah Hussain Express 44DN",
      "TrainNameUR": "شاہ حسین ایکسپریس 44 ڈاؤن",
      "TrainNameWithNumber": "Shah Hussain Express 44DN44",
      "TrainDescription": null,
      "IsActive": null,
      "Imei": "9172345785",
      "IsLive": false,
      "IsUp": false,
      "LocomotiveNumber": null,
      "TrainRideId": 0,
      "AllocatedDate": null
    },
    {
      "TrainId": 45,
      "TrainNumber": 45,
      "TrainName": "Pakistan Express 45UP",
      "TrainNameUR": "پاکستان ایکسپریس 45 اپ",
      "TrainNameWithNumber": "Pakistan Express 45UP45",
      "TrainDescription": "Karachi Cantt TO Rawalpindi",
      "IsActive": null,
      "Imei": "9172345715",
      "IsLive": true,
      "IsUp": true,
      "LocomotiveNumber": null,
      "TrainRideId": 0,
      "AllocatedDate": null
    },
    {
      "TrainId": 46,
      "TrainNumber": 46,
      "TrainName": "Pakistan Express 46DN",
      "TrainNameUR": "پاکستان ایکسپریس 46 ڈائون",
      "TrainNameWithNumber": "Pakistan Express 46DN46",
      "TrainDescription": "Rawalpindi TO Karachi Cantt",
      "IsActive": null,
      "Imei": "9172346421",
      "IsLive": true,
      "IsUp": false,
      "LocomotiveNumber": null,
      "TrainRideId": 0,
      "AllocatedDate": null
    },
    {
      "TrainId": 47,
      "TrainNumber": 47,
      "TrainName": "Rehman Baba Express 47UP",
      "TrainNameUR": "رحمان بابا ایکسپریس47اپ",
      "TrainNameWithNumber": "Rehman Baba Express 47UP47",
      "TrainDescription": null,
      "IsActive": null,
      "Imei": "9172344996",
      "IsLive": true,
      "IsUp": true,
      "LocomotiveNumber": null,
      "TrainRideId": 0,
      "AllocatedDate": null
    },
    {
      "TrainId": 48,
      "TrainNumber": 48,
      "TrainName": "Rehman Baba Express 48DN",
      "TrainNameUR": "رحمان بابا ایکسپریس 48 ڈاؤن",
      "TrainNameWithNumber": "Rehman Baba Express 48DN48",
      "TrainDescription": null,
      "IsActive": null,
      "Imei": "9172345205",
      "IsLive": true,
      "IsUp": false,
      "LocomotiveNumber": null,
      "TrainRideId": 0,
      "AllocatedDate": null
    },
    {
      "TrainId": 101,
      "TrainNumber": 101,
      "TrainName": "Subak Raftar 101UP",
      "TrainNameUR": "سبک رفتار101اپ",
      "TrainNameWithNumber": "Subak Raftar 101UP101",
      "TrainDescription": "Lahore Jn. TO Rawalpindi",
      "IsActive": null,
      "Imei": "9172344987",
      "IsLive": false,
      "IsUp": true,
      "LocomotiveNumber": null,
      "TrainRideId": 0,
      "AllocatedDate": null
    },
    {
      "TrainId": 102,
      "TrainNumber": 102,
      "TrainName": "Subak Raftar 102DN",
      "TrainNameUR": "سبک رفتار102 ڈاؤن ",
      "TrainNameWithNumber": "Subak Raftar 102DN102",
      "TrainDescription": "Rawalpindi TO Lahore Jn.",
      "IsActive": null,
      "Imei": "9170863502",
      "IsLive": false,
      "IsUp": false,
      "LocomotiveNumber": null,
      "TrainRideId": 0,
      "AllocatedDate": null
    },
    {
      "TrainId": 103,
      "TrainNumber": 103,
      "TrainName": "Subak Kharam 103UP",
      "TrainNameUR": "سبک خرم 103 اپ",
      "TrainNameWithNumber": "Subak Kharam 103UP103",
      "TrainDescription": "Lahore Jn. TO Rawalpindi",
      "IsActive": null,
      "Imei": "9170746816",
      "IsLive": true,
      "IsUp": true,
      "LocomotiveNumber": null,
      "TrainRideId": 0,
      "AllocatedDate": null
    },
    {
      "TrainId": 104,
      "TrainNumber": 104,
      "TrainName": "Subak Kharam 104DN",
      "TrainNameUR": "سبک خرام 104 ڈاؤن ",
      "TrainNameWithNumber": "Subak Kharam 104DN104",
      "TrainDescription": "Rawalpindi TO Lahore Jn.",
      "IsActive": null,
      "Imei": "9172344693",
      "IsLive": true,
      "IsUp": false,
      "LocomotiveNumber": null,
      "TrainRideId": 0,
      "AllocatedDate": null
    },
    {
      "TrainId": 105,
      "TrainNumber": 105,
      "TrainName": "Rawal Express 105UP",
      "TrainNameUR": "راول ایکسپریس 105 اپ",
      "TrainNameWithNumber": "Rawal Express 105UP105",
      "TrainDescription": "Lahore Jn. TO Rawalpindi",
      "IsActive": null,
      "Imei": "9170863662",
      "IsLive": false,
      "IsUp": true,
      "LocomotiveNumber": null,
      "TrainRideId": 0,
      "AllocatedDate": null
    },
    {
      "TrainId": 106,
      "TrainNumber": 106,
      "TrainName": "Rawal Express 106DN",
      "TrainNameUR": "راول ایکسپریس 106 ڈائون",
      "TrainNameWithNumber": "Rawal Express 106DN106",
      "TrainDescription": "Rawalpindi TO Lahore Jn.",
      "IsActive": true,
      "Imei": "9170746701",
      "IsLive": false,
      "IsUp": false,
      "LocomotiveNumber": null,
      "TrainRideId": 0,
      "AllocatedDate": null
    },
    {
      "TrainId": 107,
      "TrainNumber": 107,
      "TrainName": "Islamabad Express 107UP",
      "TrainNameUR": "اسلام آباد ایکسپریس107اپ",
      "TrainNameWithNumber": "Islamabad Express 107UP107",
      "TrainDescription": "Lahore Jn. TO Rawalpindi",
      "IsActive": null,
      "Imei": "9170863502",
      "IsLive": true,
      "IsUp": true,
      "LocomotiveNumber": null,
      "TrainRideId": 0,
      "AllocatedDate": null
    },
    {
      "TrainId": 108,
      "TrainNumber": 108,
      "TrainName": "Islamabad Express 108DN",
      "TrainNameUR": "اسلام آباد ایکسپریس 108ڈاؤن",
      "TrainNameWithNumber": "Islamabad Express 108DN108",
      "TrainDescription": "Margala TO Lahore Jn.",
      "IsActive": null,
      "Imei": "9172344987",
      "IsLive": true,
      "IsUp": false,
      "LocomotiveNumber": null,
      "TrainRideId": 0,
      "AllocatedDate": null
    },
    {
      "TrainId": 111,
      "TrainNumber": 111,
      "TrainName": "Badar Express 111UP",
      "TrainNameUR": "بدر ایکسپریس 111اپ",
      "TrainNameWithNumber": "Badar Express 111UP111",
      "TrainDescription": "Faisalabad TO Lahore Jn.",
      "IsActive": null,
      "Imei": "9172345364",
      "IsLive": false,
      "IsUp": true,
      "LocomotiveNumber": null,
      "TrainRideId": 0,
      "AllocatedDate": null
    },
    {
      "TrainId": 112,
      "TrainNumber": 112,
      "TrainName": "Badar Express 112DN",
      "TrainNameUR": "بدر ایکسپریس 112ڈاؤن",
      "TrainNameWithNumber": "Badar Express 112DN112",
      "TrainDescription": "Lahore Jn. TO Faisalabad",
      "IsActive": null,
      "Imei": "9172344669",
      "IsLive": false,
      "IsUp": false,
      "LocomotiveNumber": null,
      "TrainRideId": 0,
      "AllocatedDate": null
    },
    {
      "TrainId": 113,
      "TrainNumber": 113,
      "TrainName": "Ghouri Express 113UP",
      "TrainNameUR": "غوری ایکسپریس 113 اپ",
      "TrainNameWithNumber": "Ghouri Express 113UP113",
      "TrainDescription": "Faisalabad TO Lahore Jn.",
      "IsActive": null,
      "Imei": "9172344669",
      "IsLive": false,
      "IsUp": true,
      "LocomotiveNumber": null,
      "TrainRideId": 0,
      "AllocatedDate": null
    },
    {
      "TrainId": 114,
      "TrainNumber": 114,
      "TrainName": "Ghouri Express 114DN",
      "TrainNameUR": "غوری ایکسپریس 114 ڈاون",
      "TrainNameWithNumber": "Ghouri Express 114DN114",
      "TrainDescription": "Lahore Jn. TO Faisalabad",
      "IsActive": true,
      "Imei": "9172344692",
      "IsLive": true,
      "IsUp": false,
      "LocomotiveNumber": null,
      "TrainRideId": 0,
      "AllocatedDate": null
    },
    {
      "TrainId": 115,
      "TrainNumber": 115,
      "TrainName": "Musa Pak Express 115UP",
      "TrainNameUR": "موسی پاک ایکسپریس 115 اپ",
      "TrainNameWithNumber": "Musa Pak Express 115UP115",
      "TrainDescription": "Multan Cantt TO Lahore Jn.",
      "IsActive": null,
      "Imei": "9172345751",
      "IsLive": true,
      "IsUp": true,
      "LocomotiveNumber": null,
      "TrainRideId": 0,
      "AllocatedDate": null
    },
    {
      "TrainId": 116,
      "TrainNumber": 116,
      "TrainName": "Musa Pak Express 116DN",
      "TrainNameUR": "موسی پاک ایکسپریس 116 ڈاون",
      "TrainNameWithNumber": "Musa Pak Express 116DN116",
      "TrainDescription": "Lahore Jn. TO Multan Cantt",
      "IsActive": true,
      "Imei": "9172345751",
      "IsLive": false,
      "IsUp": false,
      "LocomotiveNumber": null,
      "TrainRideId": 0,
      "AllocatedDate": null
    },
    {
      "TrainId": 121,
      "TrainNumber": 121,
      "TrainName": "Ravi Express 121UP",
      "TrainNameUR": "راوی ایکسپریس 121اپ ",
      "TrainNameWithNumber": "Ravi Express 121UP121",
      "TrainDescription": null,
      "IsActive": null,
      "Imei": "9172345936",
      "IsLive": false,
      "IsUp": true,
      "LocomotiveNumber": null,
      "TrainRideId": 0,
      "AllocatedDate": null
    },
    {
      "TrainId": 122,
      "TrainNumber": 122,
      "TrainName": "Ravi Express 122DN",
      "TrainNameUR": "راوی ایکسپریس 122 ڈاؤن ",
      "TrainNameWithNumber": "Ravi Express 122DN122",
      "TrainDescription": null,
      "IsActive": null,
      "Imei": "9172345936",
      "IsLive": true,
      "IsUp": false,
      "LocomotiveNumber": null,
      "TrainRideId": 0,
      "AllocatedDate": null
    },
    {
      "TrainId": 125,
      "TrainNumber": 125,
      "TrainName": "Lasani Express 125UP",
      "TrainNameUR": "لاثانی ایکسپریس 125اپ",
      "TrainNameWithNumber": "Lasani Express 125UP125",
      "TrainDescription": null,
      "IsActive": null,
      "Imei": "9170666960",
      "IsLive": false,
      "IsUp": true,
      "LocomotiveNumber": null,
      "TrainRideId": 0,
      "AllocatedDate": null
    },
    {
      "TrainId": 126,
      "TrainNumber": 126,
      "TrainName": "Lasani Express 126DN",
      "TrainNameUR": "لاثانی ایکسپریس 126ڈاؤن",
      "TrainNameWithNumber": "Lasani Express 126DN126",
      "TrainDescription": null,
      "IsActive": null,
      "Imei": "9172345717",
      "IsLive": false,
      "IsUp": false,
      "LocomotiveNumber": null,
      "TrainRideId": 0,
      "AllocatedDate": null
    },
    {
      "TrainId": 127,
      "TrainNumber": 127,
      "TrainName": "Mehr Express 127UP",
      "TrainNameUR": "مھر ایکسپریس 127اپ",
      "TrainNameWithNumber": "Mehr Express 127UP127",
      "TrainDescription": "Multan Cantt TO Rawalpindi",
      "IsActive": null,
      "Imei": "9172344911",
      "IsLive": true,
      "IsUp": true,
      "LocomotiveNumber": null,
      "TrainRideId": 0,
      "AllocatedDate": null
    },
    {
      "TrainId": 128,
      "TrainNumber": 128,
      "TrainName": "Mehr Express 128DN",
      "TrainNameUR": "مھر ایکسپریس 128 ڈاؤن",
      "TrainNameWithNumber": "Mehr Express 128DN128",
      "TrainDescription": "Rawalpindi TO Multan Cantt",
      "IsActive": null,
      "Imei": "9172344910",
      "IsLive": true,
      "IsUp": false,
      "LocomotiveNumber": null,
      "TrainRideId": 0,
      "AllocatedDate": null
    },
    {
      "TrainId": 129,
      "TrainNumber": 129,
      "TrainName": "Thall Express 129UP",
      "TrainNameUR": "تھل ایکسپریس 129اپ ",
      "TrainNameWithNumber": "Thall Express 129UP129",
      "TrainDescription": null,
      "IsActive": null,
      "Imei": "9172344944",
      "IsLive": true,
      "IsUp": true,
      "LocomotiveNumber": null,
      "TrainRideId": 0,
      "AllocatedDate": null
    },
    {
      "TrainId": 130,
      "TrainNumber": 130,
      "TrainName": "Thall Express 130DN",
      "TrainNameUR": "تھل ایکسپریس 130ڈاؤن ",
      "TrainNameWithNumber": "Thall Express 130DN130",
      "TrainDescription": null,
      "IsActive": null,
      "Imei": "9172345539",
      "IsLive": true,
      "IsUp": false,
      "LocomotiveNumber": null,
      "TrainRideId": 0,
      "AllocatedDate": null
    },
    {
      "TrainId": 133,
      "TrainNumber": 133,
      "TrainName": "Kohat Express 133UP",
      "TrainNameUR": "کوہاٹ ایکسپریس 133اپ",
      "TrainNameWithNumber": "Kohat Express 133UP133",
      "TrainDescription": "Rawalpindi TO Kohat Cantt",
      "IsActive": null,
      "Imei": "9172345313",
      "IsLive": false,
      "IsUp": true,
      "LocomotiveNumber": null,
      "TrainRideId": 0,
      "AllocatedDate": null
    },
    {
      "TrainId": 134,
      "TrainNumber": 134,
      "TrainName": "Kohat Express 134DN",
      "TrainNameUR": "کوہاٹ ایکسپریس 134ڈاؤن",
      "TrainNameWithNumber": "Kohat Express 134DN134",
      "TrainDescription": "Kohat Cantt TO Rawalpindi",
      "IsActive": null,
      "Imei": "9172345593",
      "IsLive": false,
      "IsUp": false,
      "LocomotiveNumber": null,
      "TrainRideId": 0,
      "AllocatedDate": null
    },
    {
      "TrainId": 135,
      "TrainNumber": 135,
      "TrainName": "Chanab Express 135up",
      "TrainNameUR": "چناب ایکسپریس 135اپ ",
      "TrainNameWithNumber": "Chanab Express 135up135",
      "TrainDescription": "Sargodha Jn TO Lala Musa Jn.",
      "IsActive": null,
      "Imei": "9172345709",
      "IsLive": false,
      "IsUp": true,
      "LocomotiveNumber": null,
      "TrainRideId": 0,
      "AllocatedDate": null
    },
    {
      "TrainId": 136,
      "TrainNumber": 136,
      "TrainName": "Chanab Express 136dn",
      "TrainNameUR": "چناب ایکسپریس 136 ڈاؤن ",
      "TrainNameWithNumber": "Chanab Express 136dn136",
      "TrainDescription": "Lala Musa Jn. TO Sargodha Jn",
      "IsActive": null,
      "Imei": "9172345709",
      "IsLive": false,
      "IsUp": false,
      "LocomotiveNumber": null,
      "TrainRideId": 0,
      "AllocatedDate": null
    },
    {
      "TrainId": 145,
      "TrainNumber": 145,
      "TrainName": "Sukkur Express 145UP",
      "TrainNameUR": "سکھر ایکسپریس145اپ",
      "TrainNameWithNumber": "Sukkur Express 145UP145",
      "TrainDescription": "Karachi City TO Jacobabad Jn",
      "IsActive": null,
      "Imei": "9172344914",
      "IsLive": false,
      "IsUp": true,
      "LocomotiveNumber": null,
      "TrainRideId": 0,
      "AllocatedDate": null
    },
    {
      "TrainId": 146,
      "TrainNumber": 146,
      "TrainName": "Sukkur Express 146DN",
      "TrainNameUR": "سکھر ایکسپریس146ڈاؤن",
      "TrainNameWithNumber": "Sukkur Express 146DN146",
      "TrainDescription": "Jacobabad Jn TO Karachi City",
      "IsActive": null,
      "Imei": "9172344914",
      "IsLive": true,
      "IsUp": false,
      "LocomotiveNumber": null,
      "TrainRideId": 0,
      "AllocatedDate": null
    },
    {
      "TrainId": 147,
      "TrainNumber": 147,
      "TrainName": "Mianwali Express 147UP",
      "TrainNameUR": "147اپ میانوالی ایکسپریس",
      "TrainNameWithNumber": "Mianwali Express 147UP147",
      "TrainDescription": "Mari Indus TO Lahore Jn.",
      "IsActive": null,
      "Imei": "9170746816",
      "IsLive": false,
      "IsUp": true,
      "LocomotiveNumber": null,
      "TrainRideId": 0,
      "AllocatedDate": null
    },
    {
      "TrainId": 148,
      "TrainNumber": 148,
      "TrainName": "Mianwali Express 148DN",
      "TrainNameUR": " 148ڈاؤن میانوالی ایکسپریس",
      "TrainNameWithNumber": "Mianwali Express 148DN148",
      "TrainDescription": "Lahore Jn. TO Mari Indus",
      "IsActive": null,
      "Imei": "9170746593",
      "IsLive": false,
      "IsUp": false,
      "LocomotiveNumber": null,
      "TrainRideId": 0,
      "AllocatedDate": null
    },
    {
      "TrainId": 149,
      "TrainNumber": 149,
      "TrainName": "Mehran Express 149UP",
      "TrainNameUR": "مہران ایکسپریس 149اپ",
      "TrainNameWithNumber": "Mehran Express 149UP149",
      "TrainDescription": "Karachi City TO Mirpur Khas Jn",
      "IsActive": null,
      "Imei": "9172344486",
      "IsLive": true,
      "IsUp": true,
      "LocomotiveNumber": null,
      "TrainRideId": 0,
      "AllocatedDate": null
    },
    {
      "TrainId": 150,
      "TrainNumber": 150,
      "TrainName": "Mehran Express 150DN",
      "TrainNameUR": "مہران ایکسپریس 150ڈاؤن",
      "TrainNameWithNumber": "Mehran Express 150DN150",
      "TrainDescription": "Mirpur Khas Jn TO Karachi City",
      "IsActive": null,
      "Imei": "9172345002",
      "IsLive": false,
      "IsUp": false,
      "LocomotiveNumber": null,
      "TrainRideId": 0,
      "AllocatedDate": null
    },
    {
      "TrainId": 151,
      "TrainNumber": 151,
      "TrainName": "Shah Latif Express 151UP",
      "TrainNameUR": "شاھ لطیف ایکسپریس151اپ",
      "TrainNameWithNumber": "Shah Latif Express 151UP151",
      "TrainDescription": "Karachi City TO Mirpur Khas Jn",
      "IsActive": null,
      "Imei": "9172344477",
      "IsLive": false,
      "IsUp": true,
      "LocomotiveNumber": null,
      "TrainRideId": 0,
      "AllocatedDate": null
    },
    {
      "TrainId": 152,
      "TrainNumber": 152,
      "TrainName": "Shah Latif Express 152DN",
      "TrainNameUR": "شاھ لطیف ایکسپریس152ڈاؤن",
      "TrainNameWithNumber": "Shah Latif Express 152DN152",
      "TrainDescription": "Mirpur Khas Jn TO Karachi City",
      "IsActive": null,
      "Imei": "9172344477",
      "IsLive": true,
      "IsUp": false,
      "LocomotiveNumber": null,
      "TrainRideId": 0,
      "AllocatedDate": null
    },
    {
      "TrainId": 155,
      "TrainNumber": 155,
      "TrainName": "Saman Sarkar Express 155up",
      "TrainNameUR": "سمن سرکار ایکسپریس 155اپ ",
      "TrainNameWithNumber": "Saman Sarkar Express 155up155",
      "TrainDescription": "Hyderabad Jn TO Mirpur Khas Jn",
      "IsActive": null,
      "Imei": "9172344756",
      "IsLive": false,
      "IsUp": true,
      "LocomotiveNumber": null,
      "TrainRideId": 0,
      "AllocatedDate": null
    },
    {
      "TrainId": 156,
      "TrainNumber": 156,
      "TrainName": "Saman Sarkar Express 156dn",
      "TrainNameUR": "سمن سرکار ایکسپریس 156ڈاؤن ",
      "TrainNameWithNumber": "Saman Sarkar Express 156dn156",
      "TrainDescription": "Mirpur Khas Jn TO Hyderabad Jn",
      "IsActive": null,
      "Imei": "9172345535",
      "IsLive": false,
      "IsUp": false,
      "LocomotiveNumber": null,
      "TrainRideId": 0,
      "AllocatedDate": null
    },
    {
      "TrainId": 10052,
      "TrainNumber": 171,
      "TrainName": "Sialkot Express 171Up",
      "TrainNameUR": "سیالکوٹ ایکسپریس 171 اپ",
      "TrainNameWithNumber": "Sialkot Express 171Up171",
      "TrainDescription": null,
      "IsActive": null,
      "Imei": "9172344766",
      "IsLive": false,
      "IsUp": true,
      "LocomotiveNumber": null,
      "TrainRideId": 0,
      "AllocatedDate": null
    },
    {
      "TrainId": 10053,
      "TrainNumber": 172,
      "TrainName": "Sialkot Express 172Dn",
      "TrainNameUR": "سیالکوٹ ایکسپریس 172 ڈاؤن",
      "TrainNameWithNumber": "Sialkot Express 172Dn172",
      "TrainDescription": null,
      "IsActive": null,
      "Imei": "9172344766",
      "IsLive": false,
      "IsUp": false,
      "LocomotiveNumber": null,
      "TrainRideId": 0,
      "AllocatedDate": null
    },
    {
      "TrainId": 201,
      "TrainNumber": 201,
      "TrainName": "Attock Passenger 201up",
      "TrainNameUR": "اٹک پسنجر 201 اپ ",
      "TrainNameWithNumber": "Attock Passenger 201up201",
      "TrainDescription": "Mari Indus TO Attock City Jn",
      "IsActive": null,
      "Imei": "9172345716",
      "IsLive": false,
      "IsUp": true,
      "LocomotiveNumber": null,
      "TrainRideId": 0,
      "AllocatedDate": null
    },
    {
      "TrainId": 202,
      "TrainNumber": 202,
      "TrainName": "Attock Passenger 202dn",
      "TrainNameUR": "اٹک پسنجر 202 ڈاؤن ",
      "TrainNameWithNumber": "Attock Passenger 202dn202",
      "TrainDescription": "Attock City Jn TO Mari Indus",
      "IsActive": null,
      "Imei": "9172344514",
      "IsLive": false,
      "IsUp": false,
      "LocomotiveNumber": null,
      "TrainRideId": 0,
      "AllocatedDate": null
    },
    {
      "TrainId": 203,
      "TrainNumber": 203,
      "TrainName": "Jand Passenger 203up",
      "TrainNameUR": "جنڈ پسنجر203اپ ",
      "TrainNameWithNumber": "Jand Passenger 203up203",
      "TrainDescription": "Jand Jn TO Attock City Jn",
      "IsActive": null,
      "Imei": "9172344913",
      "IsLive": false,
      "IsUp": true,
      "LocomotiveNumber": null,
      "TrainRideId": 0,
      "AllocatedDate": null
    },
    {
      "TrainId": 204,
      "TrainNumber": 204,
      "TrainName": "Jand Passenger 204dn",
      "TrainNameUR": "جنڈ پسنجر204 ڈاؤن ",
      "TrainNameWithNumber": "Jand Passenger 204dn204",
      "TrainDescription": "Attock City Jn TO Jand Jn",
      "IsActive": null,
      "Imei": "9172345716",
      "IsLive": false,
      "IsUp": false,
      "LocomotiveNumber": null,
      "TrainRideId": 0,
      "AllocatedDate": null
    },
    {
      "TrainId": 209,
      "TrainNumber": 209,
      "TrainName": "Faiz Ahmad Faiz Passenger 209UP",
      "TrainNameUR": "فیض احمد فیض پسنجر209اپ ",
      "TrainNameWithNumber": "Faiz Ahmad Faiz Passenger 209UP209",
      "TrainDescription": "Lahore Jn. TO Narowal Jn",
      "IsActive": null,
      "Imei": "9170664857",
      "IsLive": true,
      "IsUp": true,
      "LocomotiveNumber": null,
      "TrainRideId": 0,
      "AllocatedDate": null
    },
    {
      "TrainId": 210,
      "TrainNumber": 210,
      "TrainName": "Faiz Ahmad Faiz Passenger 210DN",
      "TrainNameUR": "فیض احمد فیض پسنجر210 ڈاؤن ",
      "TrainNameWithNumber": "Faiz Ahmad Faiz Passenger 210DN210",
      "TrainDescription": "Narowal Jn TO Lahore Jn.",
      "IsActive": null,
      "Imei": "9172345717",
      "IsLive": false,
      "IsUp": false,
      "LocomotiveNumber": null,
      "TrainRideId": 0,
      "AllocatedDate": null
    },
    {
      "TrainId": 211,
      "TrainNumber": 211,
      "TrainName": "Narowal Passenger 211UP",
      "TrainNameUR": "نارو وال پسنجر 211اپ",
      "TrainNameWithNumber": "Narowal Passenger 211UP211",
      "TrainDescription": null,
      "IsActive": null,
      "Imei": "9172345008",
      "IsLive": false,
      "IsUp": true,
      "LocomotiveNumber": null,
      "TrainRideId": 0,
      "AllocatedDate": null
    },
    {
      "TrainId": 212,
      "TrainNumber": 212,
      "TrainName": "Narowal Passenger 212DN",
      "TrainNameUR": "نارو وال پسنجر 212ڈاؤن",
      "TrainNameWithNumber": "Narowal Passenger 212DN212",
      "TrainDescription": null,
      "IsActive": null,
      "Imei": "9172345008",
      "IsLive": true,
      "IsUp": false,
      "LocomotiveNumber": null,
      "TrainRideId": 0,
      "AllocatedDate": null
    },
    {
      "TrainId": 213,
      "TrainNumber": 213,
      "TrainName": "Mohinjo Daro Passenger 213UP",
      "TrainNameUR": "موہنجودڑو پسنجر 213اپ ",
      "TrainNameWithNumber": "Mohinjo Daro Passenger 213UP213",
      "TrainDescription": null,
      "IsActive": null,
      "Imei": "9172344965",
      "IsLive": false,
      "IsUp": true,
      "LocomotiveNumber": null,
      "TrainRideId": 0,
      "AllocatedDate": null
    },
    {
      "TrainId": 214,
      "TrainNumber": 214,
      "TrainName": "Mohinjo Daro Passenger 214DN",
      "TrainNameUR": "موہنجودڑو پسنجر 214 ڈاؤن ",
      "TrainNameWithNumber": "Mohinjo Daro Passenger 214DN214",
      "TrainDescription": null,
      "IsActive": null,
      "Imei": "9172344779",
      "IsLive": true,
      "IsUp": false,
      "LocomotiveNumber": null,
      "TrainRideId": 0,
      "AllocatedDate": null
    },
    {
      "TrainId": 225,
      "TrainNumber": 225,
      "TrainName": "Shaheen Passenger 225UP",
      "TrainNameUR": "شاہین پسنجر 225اپ ",
      "TrainNameWithNumber": "Shaheen Passenger 225UP225",
      "TrainDescription": "Wazirabad Jn TO Sialkot Jn",
      "IsActive": null,
      "Imei": "9172345743",
      "IsLive": false,
      "IsUp": true,
      "LocomotiveNumber": null,
      "TrainRideId": 0,
      "AllocatedDate": null
    },
    {
      "TrainId": 226,
      "TrainNumber": 226,
      "TrainName": "Shaheen Passenger 226DN",
      "TrainNameUR": "شاہین پسنجر 226ڈاؤن ",
      "TrainNameWithNumber": "Shaheen Passenger 226DN226",
      "TrainDescription": "Sialkot Jn TO Wazirabad Jn",
      "IsActive": null,
      "Imei": "9172345760",
      "IsLive": false,
      "IsUp": false,
      "LocomotiveNumber": null,
      "TrainRideId": 0,
      "AllocatedDate": null
    },
    {
      "TrainId": 9055,
      "TrainNumber": 227,
      "TrainName": "Dgk Shuttle 227UP",
      "TrainNameUR": "ڈیرہ غازی خان شٹل 227 اپ ",
      "TrainNameWithNumber": "Dgk Shuttle 227UP227",
      "TrainDescription": null,
      "IsActive": null,
      "Imei": "9172344908",
      "IsLive": false,
      "IsUp": false,
      "LocomotiveNumber": null,
      "TrainRideId": 0,
      "AllocatedDate": null
    },
    {
      "TrainId": 9054,
      "TrainNumber": 228,
      "TrainName": "Dgk Shuttle 228DN",
      "TrainNameUR": "ڈیرہ غازی خان شٹل 227 ڈاؤن ",
      "TrainNameWithNumber": "Dgk Shuttle 228DN228",
      "TrainDescription": null,
      "IsActive": null,
      "Imei": "9172344908",
      "IsLive": false,
      "IsUp": false,
      "LocomotiveNumber": null,
      "TrainRideId": 0,
      "AllocatedDate": null
    },
    {
      "TrainId": 227,
      "TrainNumber": 229,
      "TrainName": "Karachi Circular Railway 1up",
      "TrainNameUR": "کراچی سرکلرریلوے 1اپ ",
      "TrainNameWithNumber": "Karachi Circular Railway 1up229",
      "TrainDescription": "Orangi TO Dabheji",
      "IsActive": null,
      "Imei": "9172344933",
      "IsLive": false,
      "IsUp": true,
      "LocomotiveNumber": null,
      "TrainRideId": 0,
      "AllocatedDate": null
    },
    {
      "TrainId": 228,
      "TrainNumber": 230,
      "TrainName": "Karachi Circular Railway 2dn",
      "TrainNameUR": "کراچی سرکلرریلوے 2ڈاؤن ",
      "TrainNameWithNumber": "Karachi Circular Railway 2dn230",
      "TrainDescription": "Dabheji TO Orangi",
      "IsActive": null,
      "Imei": "9172344933",
      "IsLive": false,
      "IsUp": false,
      "LocomotiveNumber": null,
      "TrainRideId": 0,
      "AllocatedDate": null
    },
    {
      "TrainId": 267,
      "TrainNumber": 267,
      "TrainName": "Rawalpindi Passenger 267UP",
      "TrainNameUR": "راولپنڈی پسنجر267اپ ",
      "TrainNameWithNumber": "Rawalpindi Passenger 267UP267",
      "TrainDescription": "Rawalpindi TO Havelian",
      "IsActive": null,
      "Imei": "9172345624",
      "IsLive": false,
      "IsUp": true,
      "LocomotiveNumber": null,
      "TrainRideId": 0,
      "AllocatedDate": null
    },
    {
      "TrainId": 268,
      "TrainNumber": 268,
      "TrainName": "Rawalpindi Passenger 268DN",
      "TrainNameUR": "راولپنڈی پسنجر 268ڈاؤن ",
      "TrainNameWithNumber": "Rawalpindi Passenger 268DN268",
      "TrainDescription": "Havelian TO Rawalpindi",
      "IsActive": null,
      "Imei": "9172344777",
      "IsLive": false,
      "IsUp": false,
      "LocomotiveNumber": null,
      "TrainRideId": 0,
      "AllocatedDate": null
    },
    {
      "TrainId": 271,
      "TrainNumber": 271,
      "TrainName": "Marvi Passenger 335up",
      "TrainNameUR": "ماروی پسنجر 335اپ ",
      "TrainNameWithNumber": "Marvi Passenger 335up271",
      "TrainDescription": "Khokhrapar TO Mirpur Khas Jn",
      "IsActive": null,
      "Imei": "9172345535",
      "IsLive": false,
      "IsUp": true,
      "LocomotiveNumber": null,
      "TrainRideId": 0,
      "AllocatedDate": null
    },
    {
      "TrainId": 272,
      "TrainNumber": 272,
      "TrainName": "Marvi Passenger 336dn",
      "TrainNameUR": "ماروی پسنجر 336 ڈاؤن ",
      "TrainNameWithNumber": "Marvi Passenger 336dn272",
      "TrainDescription": "Mirpur Khas Jn TO Khokhrapar",
      "IsActive": null,
      "Imei": "9172344756",
      "IsLive": false,
      "IsUp": false,
      "LocomotiveNumber": null,
      "TrainRideId": 0,
      "AllocatedDate": null
    },
    {
      "TrainId": 274,
      "TrainNumber": 274,
      "TrainName": "Pdk Shuttle-2DN",
      "TrainNameUR": "پنڈ دادنخان شٹل 2 ڈاؤن ",
      "TrainNameWithNumber": "Pdk Shuttle-2DN274",
      "TrainDescription": "Malakwal Jn TO Pind Dadan Khan Railway Station",
      "IsActive": null,
      "Imei": "9172345005",
      "IsLive": false,
      "IsUp": false,
      "LocomotiveNumber": null,
      "TrainRideId": 0,
      "AllocatedDate": null
    },
    {
      "TrainId": 275,
      "TrainNumber": 275,
      "TrainName": "Safari Train UP",
      "TrainNameUR": "سفاری ٹرین ",
      "TrainNameWithNumber": "Safari Train UP275",
      "TrainDescription": "Rawalpindi TO Attock City Jn",
      "IsActive": null,
      "Imei": null,
      "IsLive": false,
      "IsUp": true,
      "LocomotiveNumber": null,
      "TrainRideId": 0,
      "AllocatedDate": null
    },
    {
      "TrainId": 276,
      "TrainNumber": 276,
      "TrainName": "Safari Train DN",
      "TrainNameUR": "سفاری ٹرین ",
      "TrainNameWithNumber": "Safari Train DN276",
      "TrainDescription": "Attock City Jn TO Rawalpindi",
      "IsActive": null,
      "Imei": null,
      "IsLive": false,
      "IsUp": false,
      "LocomotiveNumber": null,
      "TrainRideId": 0,
      "AllocatedDate": null
    },
    {
      "TrainId": 277,
      "TrainNumber": 277,
      "TrainName": "Pdk Shuttle-5up\t",
      "TrainNameUR": "پنڈ دادنخان شٹل 5اپ ",
      "TrainNameWithNumber": "Pdk Shuttle-5up\t277",
      "TrainDescription": "Pind Dadan Khan Railway Station TO Malakwal Jn",
      "IsActive": null,
      "Imei": "9172345005",
      "IsLive": false,
      "IsUp": true,
      "LocomotiveNumber": null,
      "TrainRideId": 0,
      "AllocatedDate": null
    },
    {
      "TrainId": 278,
      "TrainNumber": 278,
      "TrainName": "Pdk Shuttle-6dn\t",
      "TrainNameUR": "پنڈ دادنخان شٹل 6 ڈاؤن ",
      "TrainNameWithNumber": "Pdk Shuttle-6dn\t278",
      "TrainDescription": "Malakwal Jn TO Pind Dadan Khan Railway Station",
      "IsActive": null,
      "Imei": "9172345005",
      "IsLive": false,
      "IsUp": false,
      "LocomotiveNumber": null,
      "TrainRideId": 0,
      "AllocatedDate": null
    },
    {
      "TrainId": 303,
      "TrainNumber": 303,
      "TrainName": "YSW C (ENGINE NO 9038)",
      "TrainNameUR": "یوسف والاکول36",
      "TrainNameWithNumber": "YSW C (ENGINE NO 9038)303",
      "TrainDescription": "Kemari TO Yousuf Wala Railway Station",
      "IsActive": null,
      "Imei": "9172345736",
      "IsLive": true,
      "IsUp": true,
      "LocomotiveNumber": null,
      "TrainRideId": 0,
      "AllocatedDate": null
    },
    {
      "TrainId": 305,
      "TrainNumber": 305,
      "TrainName": "YSW C (ENGINE NO 9039)",
      "TrainNameUR": "یوسف والا کول اپ 32",
      "TrainNameWithNumber": "YSW C (ENGINE NO 9039)305",
      "TrainDescription": "Kemari TO Yousuf Wala Railway Station",
      "IsActive": null,
      "Imei": "9172345602",
      "IsLive": true,
      "IsUp": true,
      "LocomotiveNumber": null,
      "TrainRideId": 0,
      "AllocatedDate": null
    },
    {
      "TrainId": 307,
      "TrainNumber": 307,
      "TrainName": "YSW C (ENGINE NO 9047)",
      "TrainNameUR": "37یوسف والا کول اپ ",
      "TrainNameWithNumber": "YSW C (ENGINE NO 9047)307",
      "TrainDescription": "Kemari TO Yousuf Wala Railway Station",
      "IsActive": null,
      "Imei": "9172345755",
      "IsLive": true,
      "IsUp": true,
      "LocomotiveNumber": null,
      "TrainRideId": 0,
      "AllocatedDate": null
    },
    {
      "TrainId": 309,
      "TrainNumber": 309,
      "TrainName": "YSW C (ENGINE NO 9013)",
      "TrainNameUR": "یوسف والا کول اپ 38",
      "TrainNameWithNumber": "YSW C (ENGINE NO 9013)309",
      "TrainDescription": "Marshalling Yard Pipri (Myp) TO Yousuf Wala Railway Station",
      "IsActive": null,
      "Imei": "9172344664",
      "IsLive": true,
      "IsUp": true,
      "LocomotiveNumber": null,
      "TrainRideId": 0,
      "AllocatedDate": null
    },
    {
      "TrainId": 311,
      "TrainNumber": 311,
      "TrainName": "YSW C (ENGINE NO 9051)",
      "TrainNameUR": "یوسف والا کول42اپ ",
      "TrainNameWithNumber": "YSW C (ENGINE NO 9051)311",
      "TrainDescription": "Marshalling Yard Pipri (Myp) TO Yousuf Wala Railway Station",
      "IsActive": null,
      "Imei": "9172344662",
      "IsLive": true,
      "IsUp": true,
      "LocomotiveNumber": null,
      "TrainRideId": 0,
      "AllocatedDate": null
    },
    {
      "TrainId": 313,
      "TrainNumber": 313,
      "TrainName": "YSW C (ENG NO 9025)",
      "TrainNameUR": "یوسف والاکول اپ 24",
      "TrainNameWithNumber": "YSW C (ENG NO 9025)313",
      "TrainDescription": "Marshalling Yard Pipri (Myp) TO Yousuf Wala Railway Station",
      "IsActive": null,
      "Imei": "9172344688",
      "IsLive": true,
      "IsUp": true,
      "LocomotiveNumber": null,
      "TrainRideId": 0,
      "AllocatedDate": null
    },
    {
      "TrainId": 315,
      "TrainNumber": 315,
      "TrainName": "YSW C 61 (ENGINE No 9020)",
      "TrainNameUR": "یوسف والا کول33اپ ",
      "TrainNameWithNumber": "YSW C 61 (ENGINE No 9020)315",
      "TrainDescription": "Marshalling Yard Pipri (Myp) TO Yousuf Wala Railway Station",
      "IsActive": null,
      "Imei": "9172344689",
      "IsLive": false,
      "IsUp": true,
      "LocomotiveNumber": null,
      "TrainRideId": 0,
      "AllocatedDate": null
    },
    {
      "TrainId": 317,
      "TrainNumber": 317,
      "TrainName": "YSW C 59 (ENGINE NO 9051)",
      "TrainNameUR": "یوسف والا کو41اپ ",
      "TrainNameWithNumber": "YSW C 59 (ENGINE NO 9051)317",
      "TrainDescription": "Marshalling Yard Pipri (Myp) TO Yousuf Wala Railway Station",
      "IsActive": null,
      "Imei": "9172344662",
      "IsLive": false,
      "IsUp": true,
      "LocomotiveNumber": null,
      "TrainRideId": 0,
      "AllocatedDate": null
    },
    {
      "TrainId": 320,
      "TrainNumber": 320,
      "TrainName": "ZBKH 58 (ENGINE NO 9022)",
      "TrainNameUR": "ZBKH 28ڈاؤن\t",
      "TrainNameWithNumber": "ZBKH 58 (ENGINE NO 9022)320",
      "TrainDescription": "Yousuf Wala Railway Station TO Marshalling Yard Pipri (Myp)",
      "IsActive": null,
      "Imei": "9172344651",
      "IsLive": true,
      "IsUp": false,
      "LocomotiveNumber": null,
      "TrainRideId": 0,
      "AllocatedDate": null
    },
    {
      "TrainId": 322,
      "TrainNumber": 322,
      "TrainName": "ZBKH (ENGINE NO 9005)",
      "TrainNameUR": "ZBKH 29 ڈاؤن\t",
      "TrainNameWithNumber": "ZBKH (ENGINE NO 9005)322",
      "TrainDescription": "ZBKH 39 (ENGINE NO 9050)",
      "IsActive": null,
      "Imei": "9172344622",
      "IsLive": true,
      "IsUp": false,
      "LocomotiveNumber": null,
      "TrainRideId": 0,
      "AllocatedDate": null
    },
    {
      "TrainId": 324,
      "TrainNumber": 324,
      "TrainName": "ZBKH (ENG NUM 9001)",
      "TrainNameUR": " 26 ڈاؤن\t",
      "TrainNameWithNumber": "ZBKH (ENG NUM 9001)324",
      "TrainDescription": "Yousuf Wala Railway Station TO Marshalling Yard Pipri (Myp)",
      "IsActive": null,
      "Imei": "9172344613",
      "IsLive": false,
      "IsUp": false,
      "LocomotiveNumber": null,
      "TrainRideId": 0,
      "AllocatedDate": null
    },
    {
      "TrainId": 326,
      "TrainNumber": 326,
      "TrainName": "ZBKH (ENGINE NO 9019)",
      "TrainNameUR": "ZBK 23 ڈاؤن\t",
      "TrainNameWithNumber": "ZBKH (ENGINE NO 9019)326",
      "TrainDescription": "Yousuf Wala Railway Station TO Marshalling Yard Pipri (Myp)",
      "IsActive": null,
      "Imei": "9172344685",
      "IsLive": true,
      "IsUp": false,
      "LocomotiveNumber": null,
      "TrainRideId": 0,
      "AllocatedDate": null
    },
    {
      "TrainId": 328,
      "TrainNumber": 328,
      "TrainName": "ZBKH (ENGINE NO 9008)",
      "TrainNameUR": "ZBKH 12 ڈاؤن",
      "TrainNameWithNumber": "ZBKH (ENGINE NO 9008)328",
      "TrainDescription": "Yousuf Wala Railway Station TO Marshalling Yard Pipri (Myp)",
      "IsActive": null,
      "Imei": "9172344657",
      "IsLive": true,
      "IsUp": false,
      "LocomotiveNumber": null,
      "TrainRideId": 0,
      "AllocatedDate": null
    },
    {
      "TrainId": 330,
      "TrainNumber": 330,
      "TrainName": "ZBKH 54 (ENGINE NO 9043)",
      "TrainNameUR": "ZBKH24 ڈاؤن ",
      "TrainNameWithNumber": "ZBKH 54 (ENGINE NO 9043)330",
      "TrainDescription": "Yousuf Wala Railway Station TO Marshalling Yard Pipri (Myp)",
      "IsActive": null,
      "Imei": "9172345720",
      "IsLive": true,
      "IsUp": true,
      "LocomotiveNumber": null,
      "TrainRideId": 0,
      "AllocatedDate": null
    },
    {
      "TrainId": 332,
      "TrainNumber": 332,
      "TrainName": "ZBKH (ENG NO 9020)",
      "TrainNameUR": "ZBKH13 ڈاؤن",
      "TrainNameWithNumber": "ZBKH (ENG NO 9020)332",
      "TrainDescription": "Yousuf Wala Railway Station TO Marshalling Yard Pipri (Myp)",
      "IsActive": null,
      "Imei": "9172344689",
      "IsLive": true,
      "IsUp": false,
      "LocomotiveNumber": null,
      "TrainRideId": 0,
      "AllocatedDate": null
    },
    {
      "TrainId": 334,
      "TrainNumber": 334,
      "TrainName": "ZBKH (ENGIN 9043)",
      "TrainNameUR": "یوسف والا کول ڈاؤن ",
      "TrainNameWithNumber": "ZBKH (ENGIN 9043)334",
      "TrainDescription": "Kundian Jn TO Yousuf Wala Railway Station",
      "IsActive": null,
      "Imei": "9172345720",
      "IsLive": false,
      "IsUp": false,
      "LocomotiveNumber": null,
      "TrainRideId": 0,
      "AllocatedDate": null
    },
    {
      "TrainId": 335,
      "TrainNumber": 335,
      "TrainName": "YSW C (ENG No 9001)",
      "TrainNameUR": "خوشحال کول اپ 1",
      "TrainNameWithNumber": "YSW C (ENG No 9001)335",
      "TrainDescription": "Yousuf Wala Railway Station TO Nowshera Jn",
      "IsActive": null,
      "Imei": "9172344613",
      "IsLive": false,
      "IsUp": true,
      "LocomotiveNumber": null,
      "TrainRideId": 0,
      "AllocatedDate": null
    },
    {
      "TrainId": 336,
      "TrainNumber": 336,
      "TrainName": "AKDD (ENGINE NO 9035)",
      "TrainNameUR": "1یوسف والا کول ڈاؤن ",
      "TrainNameWithNumber": "AKDD (ENGINE NO 9035)336",
      "TrainDescription": "Nowshera Jn TO Yousuf Wala Railway Station",
      "IsActive": null,
      "Imei": "9172345729",
      "IsLive": false,
      "IsUp": false,
      "LocomotiveNumber": null,
      "TrainRideId": 0,
      "AllocatedDate": null
    },
    {
      "TrainId": 337,
      "TrainNumber": 337,
      "TrainName": "MC (ENG NUM 4902+4915)",
      "TrainNameUR": "خوشحال کول اپ 2",
      "TrainNameWithNumber": "MC (ENG NUM 4902+4915)337",
      "TrainDescription": "Yousuf Wala Railway Station TO Nowshera Jn",
      "IsActive": null,
      "Imei": "9172344807",
      "IsLive": false,
      "IsUp": true,
      "LocomotiveNumber": null,
      "TrainRideId": 0,
      "AllocatedDate": null
    },
    {
      "TrainId": 338,
      "TrainNumber": 338,
      "TrainName": "ZBKH 27 (ENGINE NUM 9053)",
      "TrainNameUR": "2یوسف والا کول ڈاؤن ",
      "TrainNameWithNumber": "ZBKH 27 (ENGINE NUM 9053)338",
      "TrainDescription": "Nowshera Jn TO Yousuf Wala Railway Station",
      "IsActive": null,
      "Imei": "9172344809",
      "IsLive": false,
      "IsUp": false,
      "LocomotiveNumber": null,
      "TrainRideId": 0,
      "AllocatedDate": null
    },
    {
      "TrainId": 339,
      "TrainNumber": 339,
      "TrainName": "501 (ENG NO 9037)",
      "TrainNameUR": "خوشحال کول اپ 3",
      "TrainNameWithNumber": "501 (ENG NO 9037)339",
      "TrainDescription": "Yousuf Wala Railway Station TO Nowshera Jn",
      "IsActive": null,
      "Imei": "9172345345",
      "IsLive": false,
      "IsUp": true,
      "LocomotiveNumber": null,
      "TrainRideId": 0,
      "AllocatedDate": null
    },
    {
      "TrainId": 340,
      "TrainNumber": 340,
      "TrainName": "QSS CTR (ENG NO 8050+8075)",
      "TrainNameUR": "یوسف والا کول ڈاؤن 3\t",
      "TrainNameWithNumber": "QSS CTR (ENG NO 8050+8075)340",
      "TrainDescription": "Nowshera Jn TO Yousuf Wala Railway Station",
      "IsActive": null,
      "Imei": "9172344925",
      "IsLive": false,
      "IsUp": false,
      "LocomotiveNumber": null,
      "TrainRideId": 0,
      "AllocatedDate": null
    },
    {
      "TrainId": 345,
      "TrainNumber": 345,
      "TrainName": "MCA 07 (ENG NO 8079+8084)",
      "TrainNameUR": "محمودکوٹ چک پرانہ آئل ٹرین",
      "TrainNameWithNumber": "MCA 07 (ENG NO 8079+8084)345",
      "TrainDescription": "MCA 07 (ENG NO 8079+8084)",
      "IsActive": null,
      "Imei": "9172344977",
      "IsLive": false,
      "IsUp": true,
      "LocomotiveNumber": null,
      "TrainRideId": 0,
      "AllocatedDate": null
    },
    {
      "TrainId": 347,
      "TrainNumber": 347,
      "TrainName": "PGB PH (ENG NUM 9022)",
      "TrainNameUR": "پنڈ دادنخان کول اپ",
      "TrainNameWithNumber": "PGB PH (ENG NUM 9022)347",
      "TrainDescription": null,
      "IsActive": null,
      "Imei": "9172344651",
      "IsLive": false,
      "IsUp": true,
      "LocomotiveNumber": null,
      "TrainRideId": 0,
      "AllocatedDate": null
    },
    {
      "TrainId": 353,
      "TrainNumber": 353,
      "TrainName": "KWA C (ENG NUM 9014)",
      "TrainNameUR": "پریم نگر کنٹینر",
      "TrainNameWithNumber": "KWA C (ENG NUM 9014)353",
      "TrainDescription": "Wazir Mansion TO Prem Nagar",
      "IsActive": null,
      "Imei": "9172344666",
      "IsLive": false,
      "IsUp": true,
      "LocomotiveNumber": null,
      "TrainRideId": 0,
      "AllocatedDate": null
    },
    {
      "TrainId": 354,
      "TrainNumber": 354,
      "TrainName": " ZBKH 55(ENG NUM 9027)",
      "TrainNameUR": "پریم نگر کنٹینرڈاؤن ",
      "TrainNameWithNumber": " ZBKH 55(ENG NUM 9027)354",
      "TrainDescription": "Prem Nagar TO Karachi City",
      "IsActive": null,
      "Imei": "9172345722",
      "IsLive": false,
      "IsUp": false,
      "LocomotiveNumber": null,
      "TrainRideId": 0,
      "AllocatedDate": null
    },
    {
      "TrainId": 355,
      "TrainNumber": 355,
      "TrainName": "MGPR (ENGINE NUM 9037)",
      "TrainNameUR": "ایم آئ ایس سی (1)",
      "TrainNameWithNumber": "MGPR (ENGINE NUM 9037)355",
      "TrainDescription": "Karachi City TO Lahore Jn.",
      "IsActive": null,
      "Imei": "9172345345",
      "IsLive": true,
      "IsUp": true,
      "LocomotiveNumber": null,
      "TrainRideId": 0,
      "AllocatedDate": null
    },
    {
      "TrainId": 356,
      "TrainNumber": 356,
      "TrainName": "504 DN (ENG NUM 6030)",
      "TrainNameUR": "ایم آئ ایس سی (1ڈاؤن)",
      "TrainNameWithNumber": "504 DN (ENG NUM 6030)356",
      "TrainDescription": "Lahore Cantt TO Karachi City",
      "IsActive": null,
      "Imei": "9172345847",
      "IsLive": false,
      "IsUp": false,
      "LocomotiveNumber": null,
      "TrainRideId": 0,
      "AllocatedDate": null
    },
    {
      "TrainId": 357,
      "TrainNumber": 357,
      "TrainName": "JBA CTR (ENG NUM 8224)",
      "TrainNameUR": "فیصل آباد چشتیاں کول اپ ",
      "TrainNameWithNumber": "JBA CTR (ENG NUM 8224)357",
      "TrainDescription": "Marshalling Yard Pipri (Myp) TO Faisalabad Dry Port",
      "IsActive": null,
      "Imei": "9172345745",
      "IsLive": true,
      "IsUp": true,
      "LocomotiveNumber": null,
      "TrainRideId": 0,
      "AllocatedDate": null
    },
    {
      "TrainId": 358,
      "TrainNumber": 358,
      "TrainName": "DN CTR (ENG NO 9025)",
      "TrainNameUR": "فیصل آباد چشتیاں کول ڈاؤن",
      "TrainNameWithNumber": "DN CTR (ENG NO 9025)358",
      "TrainDescription": "Faisalabad Dry Port TO Marshalling Yard Pipri (Myp)",
      "IsActive": null,
      "Imei": "9172344688",
      "IsLive": false,
      "IsUp": false,
      "LocomotiveNumber": null,
      "TrainRideId": 0,
      "AllocatedDate": null
    },
    {
      "TrainId": 359,
      "TrainNumber": 359,
      "TrainName": "KPA 23 (ENGINE NUM 9034)",
      "TrainNameUR": "داؤد خیل کول اپ",
      "TrainNameWithNumber": "KPA 23 (ENGINE NUM 9034)359",
      "TrainDescription": "Marshalling Yard Pipri (Myp) TO Daud Khel Jn",
      "IsActive": null,
      "Imei": "9172346395",
      "IsLive": true,
      "IsUp": true,
      "LocomotiveNumber": null,
      "TrainRideId": 0,
      "AllocatedDate": null
    },
    {
      "TrainId": 360,
      "TrainNumber": 360,
      "TrainName": "KPA 22 (ENG NUM 9026)",
      "TrainNameUR": "داؤد خیل کول ڈاؤن",
      "TrainNameWithNumber": "KPA 22 (ENG NUM 9026)360",
      "TrainDescription": "Daud Khel Jn TO Marshalling Yard Pipri (Myp)",
      "IsActive": null,
      "Imei": "9172345739",
      "IsLive": true,
      "IsUp": false,
      "LocomotiveNumber": null,
      "TrainRideId": 0,
      "AllocatedDate": null
    },
    {
      "TrainId": 361,
      "TrainNumber": 361,
      "TrainName": "KWA C (ENG NUM 8307+8304)",
      "TrainNameUR": "جیا بگا کول اپ",
      "TrainNameWithNumber": "KWA C (ENG NUM 8307+8304)361",
      "TrainDescription": "Marshalling Yard Pipri (Myp) TO Jia Bagga Railway Station",
      "IsActive": null,
      "Imei": "9172345585",
      "IsLive": true,
      "IsUp": true,
      "LocomotiveNumber": null,
      "TrainRideId": 0,
      "AllocatedDate": null
    },
    {
      "TrainId": 362,
      "TrainNumber": 362,
      "TrainName": "KPA 25 (ENG NUM 9004)",
      "TrainNameUR": "جیا بگا کول ڈاؤن",
      "TrainNameWithNumber": "KPA 25 (ENG NUM 9004)362",
      "TrainDescription": "Jia Bagga Railway Station TO Marshalling Yard Pipri (Myp)",
      "IsActive": null,
      "Imei": "9172344618",
      "IsLive": true,
      "IsUp": false,
      "LocomotiveNumber": null,
      "TrainRideId": 0,
      "AllocatedDate": null
    },
    {
      "TrainId": 363,
      "TrainNumber": 363,
      "TrainName": "KPA 23 (ENG NUM 9007)",
      "TrainNameUR": "داؤد خیل کول اپ",
      "TrainNameWithNumber": "KPA 23 (ENG NUM 9007)363",
      "TrainDescription": "Marshalling Yard Pipri (Myp) TO Daud Khel Jn",
      "IsActive": null,
      "Imei": "9172344655",
      "IsLive": true,
      "IsUp": true,
      "LocomotiveNumber": null,
      "TrainRideId": 0,
      "AllocatedDate": null
    },
    {
      "TrainId": 364,
      "TrainNumber": 364,
      "TrainName": "KPA 24 (ENG NUM 9053)",
      "TrainNameUR": "داؤد خیل کول ڈاؤن",
      "TrainNameWithNumber": "KPA 24 (ENG NUM 9053)364",
      "TrainDescription": "Daud Khel Jn TO Marshalling Yard Pipri (Myp)",
      "IsActive": null,
      "Imei": "9172344809",
      "IsLive": false,
      "IsUp": false,
      "LocomotiveNumber": null,
      "TrainRideId": 0,
      "AllocatedDate": null
    },
    {
      "TrainId": 401,
      "TrainNumber": 401,
      "TrainName": "KPA 21 (ENGINE NUM 9052) ",
      "TrainNameUR": "KPPA 12اپ",
      "TrainNameWithNumber": "KPA 21 (ENGINE NUM 9052) 401",
      "TrainDescription": "Wazir Mansion TO Prem Nagar",
      "IsActive": null,
      "Imei": "9172344808",
      "IsLive": true,
      "IsUp": true,
      "LocomotiveNumber": null,
      "TrainRideId": 0,
      "AllocatedDate": null
    },
    {
      "TrainId": 402,
      "TrainNumber": 402,
      "TrainName": "KPA 25 (ENGINE NO 8084+8079)",
      "TrainNameUR": "KPPA 11 اپ\t",
      "TrainNameWithNumber": "KPA 25 (ENGINE NO 8084+8079)402",
      "TrainDescription": "Wazir Mansion TO Prem Nagar",
      "IsActive": null,
      "Imei": "9172344977",
      "IsLive": true,
      "IsUp": true,
      "LocomotiveNumber": null,
      "TrainRideId": 0,
      "AllocatedDate": null
    },
    {
      "TrainId": 403,
      "TrainNumber": 403,
      "TrainName": "KPA 22 (ENGINE NUM 9046) ",
      "TrainNameUR": "KPPA 13 اپ\t",
      "TrainNameWithNumber": "KPA 22 (ENGINE NUM 9046) 403",
      "TrainDescription": "Wazir Mansion TO Prem Nagar",
      "IsActive": null,
      "Imei": "9172344790",
      "IsLive": true,
      "IsUp": true,
      "LocomotiveNumber": null,
      "TrainRideId": 0,
      "AllocatedDate": null
    },
    {
      "TrainId": 406,
      "TrainNumber": 406,
      "TrainName": "PKA 16 (ENG NO 9046)",
      "TrainNameUR": "KPPA 1ڈاؤن",
      "TrainNameWithNumber": "PKA 16 (ENG NO 9046)406",
      "TrainDescription": "Prem Nagar TO Wazir Mansion",
      "IsActive": null,
      "Imei": "9172344977",
      "IsLive": false,
      "IsUp": false,
      "LocomotiveNumber": null,
      "TrainRideId": 0,
      "AllocatedDate": null
    },
    {
      "TrainId": 407,
      "TrainNumber": 407,
      "TrainName": "PKA 15 (ENGINE NO 6417)",
      "TrainNameUR": "KPPA 2ڈاؤن\t",
      "TrainNameWithNumber": "PKA 15 (ENGINE NO 6417)407",
      "TrainDescription": "Prem Nagar TO Wazir Mansion",
      "IsActive": null,
      "Imei": "9172345308",
      "IsLive": false,
      "IsUp": false,
      "LocomotiveNumber": null,
      "TrainRideId": 0,
      "AllocatedDate": null
    },
    {
      "TrainId": 408,
      "TrainNumber": 408,
      "TrainName": "PKA 9 (ENGINE NO 8050+8075)",
      "TrainNameUR": "KPPA 3ڈاؤن\t",
      "TrainNameWithNumber": "PKA 9 (ENGINE NO 8050+8075)408",
      "TrainDescription": "Prem Nagar TO Wazir Mansion",
      "IsActive": null,
      "Imei": "9172344925",
      "IsLive": false,
      "IsUp": false,
      "LocomotiveNumber": null,
      "TrainRideId": 0,
      "AllocatedDate": null
    },
    {
      "TrainId": 501,
      "TrainNumber": 501,
      "TrainName": "MGPR (ENGINE NUM 9014)",
      "TrainNameUR": "سپر پارسل 501 اپ",
      "TrainNameWithNumber": "MGPR (ENGINE NUM 9014)501",
      "TrainDescription": "Karachi City TO Badami Bagh",
      "IsActive": null,
      "Imei": "9172344666",
      "IsLive": true,
      "IsUp": true,
      "LocomotiveNumber": null,
      "TrainRideId": 0,
      "AllocatedDate": null
    },
    {
      "TrainId": 502,
      "TrainNumber": 502,
      "TrainName": "502 (ENG NUM 9031)",
      "TrainNameUR": "سپر پارسل 502 ڈاؤن",
      "TrainNameWithNumber": "502 (ENG NUM 9031)502",
      "TrainDescription": "Badami Bagh TO Karachi City",
      "IsActive": null,
      "Imei": "9172346270",
      "IsLive": true,
      "IsUp": false,
      "LocomotiveNumber": null,
      "TrainRideId": 0,
      "AllocatedDate": null
    },
    {
      "TrainId": 551,
      "TrainNumber": 551,
      "TrainName": "QSS C (ENGINE NO 6411+6417)",
      "TrainNameUR": "پریمیم کنٹینر سروس ",
      "TrainNameWithNumber": "QSS C (ENGINE NO 6411+6417)551",
      "TrainDescription": "Karachi City TO Prem Nagar",
      "IsActive": null,
      "Imei": "9172345520",
      "IsLive": true,
      "IsUp": true,
      "LocomotiveNumber": null,
      "TrainRideId": 0,
      "AllocatedDate": null
    },
    {
      "TrainId": 552,
      "TrainNumber": 552,
      "TrainName": "502 DN (ENG NUM 9015)",
      "TrainNameUR": "پریمیم کنٹینر سروس ڈاؤن",
      "TrainNameWithNumber": "502 DN (ENG NUM 9015)552",
      "TrainDescription": "Prem Nagar TO Karachi City",
      "IsActive": null,
      "Imei": "9172345562",
      "IsLive": true,
      "IsUp": false,
      "LocomotiveNumber": null,
      "TrainRideId": 0,
      "AllocatedDate": null
    },
    {
      "TrainId": 901,
      "TrainNumber": 901,
      "TrainName": "PGB (ENGINE NUM 8215)",
      "TrainNameUR": "مغلپورہ کنٹینراپ ",
      "TrainNameWithNumber": "PGB (ENGINE NUM 8215)901",
      "TrainDescription": "Jumma Goth TO Mughalpura Railway Station",
      "IsActive": null,
      "Imei": "9172344994",
      "IsLive": true,
      "IsUp": true,
      "LocomotiveNumber": null,
      "TrainRideId": 0,
      "AllocatedDate": null
    },
    {
      "TrainId": 902,
      "TrainNumber": 902,
      "TrainName": "DVM (ENG NO 8312)",
      "TrainNameUR": "مغلپورہ کنٹینرڈاؤن",
      "TrainNameWithNumber": "DVM (ENG NO 8312)902",
      "TrainDescription": "Mughalpura Railway Station TO Karachi City",
      "IsActive": null,
      "Imei": "9170863467",
      "IsLive": false,
      "IsUp": false,
      "LocomotiveNumber": null,
      "TrainRideId": 0,
      "AllocatedDate": null
    },
    {
      "TrainId": 903,
      "TrainNumber": 903,
      "TrainName": "CM (ENG NUM 4914+4918)",
      "TrainNameUR": "داؤدخیل کول اپ ",
      "TrainNameWithNumber": "CM (ENG NUM 4914+4918)903",
      "TrainDescription": "Marshalling Yard Pipri (Myp) TO Daud Khel Jn",
      "IsActive": null,
      "Imei": "9172345504",
      "IsLive": false,
      "IsUp": true,
      "LocomotiveNumber": null,
      "TrainRideId": 0,
      "AllocatedDate": null
    },
    {
      "TrainId": 905,
      "TrainNumber": 905,
      "TrainName": "QSS CTR UP (ENG NUM 8205) ",
      "TrainNameUR": "قلعہ ستارشاہ کنٹینراپ ",
      "TrainNameWithNumber": "QSS CTR UP (ENG NUM 8205) 905",
      "TrainDescription": "Jumma Goth TO Qila Sttar Shah",
      "IsActive": null,
      "Imei": "9172344981",
      "IsLive": false,
      "IsUp": true,
      "LocomotiveNumber": null,
      "TrainRideId": 0,
      "AllocatedDate": null
    },
    {
      "TrainId": 906,
      "TrainNumber": 906,
      "TrainName": "DN Q CTR (ENG NUM 6411+6419)",
      "TrainNameUR": "قلعہ ستارشاہ کنٹینرڈاؤن ",
      "TrainNameWithNumber": "DN Q CTR (ENG NUM 6411+6419)906",
      "TrainDescription": "Qila Sttar Shah TO Jumma Goth",
      "IsActive": null,
      "Imei": "9172345520",
      "IsLive": false,
      "IsUp": false,
      "LocomotiveNumber": null,
      "TrainRideId": 0,
      "AllocatedDate": null
    },
    {
      "TrainId": 917,
      "TrainNumber": 917,
      "TrainName": "QSS (ENGINE NUM 9010)",
      "TrainNameUR": "پی ایل ایچ اے ",
      "TrainNameWithNumber": "QSS (ENGINE NUM 9010)917",
      "TrainDescription": "Bin Qasim TO Laal Pir Railway Station",
      "IsActive": null,
      "Imei": "9172344661",
      "IsLive": false,
      "IsUp": true,
      "LocomotiveNumber": null,
      "TrainRideId": 0,
      "AllocatedDate": null
    },
    {
      "TrainId": 918,
      "TrainNumber": 918,
      "TrainName": "DN ZBKC (ENG NUM 8304+8307) ",
      "TrainNameUR": "پی ایل ایچ اے ڈاؤن",
      "TrainNameWithNumber": "DN ZBKC (ENG NUM 8304+8307) 918",
      "TrainDescription": "Laal Pir Railway Station TO Bin Qasim",
      "IsActive": null,
      "Imei": "9172345585",
      "IsLive": false,
      "IsUp": false,
      "LocomotiveNumber": null,
      "TrainRideId": 0,
      "AllocatedDate": null
    },
    {
      "TrainId": 919,
      "TrainNumber": 919,
      "TrainName": "DVM (ENG NUM 8229)",
      "TrainNameUR": "آی پی ایل کنٹینر اپ ",
      "TrainNameWithNumber": "DVM (ENG NUM 8229)919",
      "TrainDescription": "Port Qasim TO Kot Radha Kishan",
      "IsActive": null,
      "Imei": "9172345151",
      "IsLive": true,
      "IsUp": true,
      "LocomotiveNumber": null,
      "TrainRideId": 0,
      "AllocatedDate": null
    },
    {
      "TrainId": 920,
      "TrainNumber": 920,
      "TrainName": " DN ZBKC (ENG NUM 9029)",
      "TrainNameUR": "آی پی ایل کنٹینر ڈاؤن ",
      "TrainNameWithNumber": " DN ZBKC (ENG NUM 9029)920",
      "TrainDescription": "Kot Radha Kishan TO Port Qasim",
      "IsActive": null,
      "Imei": "9172344789",
      "IsLive": false,
      "IsUp": false,
      "LocomotiveNumber": null,
      "TrainRideId": 0,
      "AllocatedDate": null
    },
    {
      "TrainId": 921,
      "TrainNumber": 921,
      "TrainName": "JGH (ENG NUM 8045)",
      "TrainNameUR": "سی جی ایم کنٹینر اپ ",
      "TrainNameWithNumber": "JGH (ENG NUM 8045)921",
      "TrainDescription": "Port Qasim TO Changa Manga",
      "IsActive": null,
      "Imei": "9172344918",
      "IsLive": true,
      "IsUp": true,
      "LocomotiveNumber": null,
      "TrainRideId": 0,
      "AllocatedDate": null
    },
    {
      "TrainId": 922,
      "TrainNumber": 922,
      "TrainName": "DN ZBKC (ENG NUM 8304+8307)",
      "TrainNameUR": "سی جی ایم کنٹینر ڈاؤن ",
      "TrainNameWithNumber": "DN ZBKC (ENG NUM 8304+8307)922",
      "TrainDescription": "Changa Manga TO Port Qasim",
      "IsActive": null,
      "Imei": "9172345585",
      "IsLive": false,
      "IsUp": false,
      "LocomotiveNumber": null,
      "TrainRideId": 0,
      "AllocatedDate": null
    },
    {
      "TrainId": 1133,
      "TrainNumber": 1133,
      "TrainName": "(ENG NUM )",
      "TrainNameUR": "اسلام آباد ٹو استنبول کنٹینر(آئ ٹی آئی )اپ ",
      "TrainNameWithNumber": "(ENG NUM )1133",
      "TrainDescription": "Jacobabad Jn TO Margala",
      "IsActive": null,
      "Imei": "9172345783",
      "IsLive": true,
      "IsUp": true,
      "LocomotiveNumber": null,
      "TrainRideId": 0,
      "AllocatedDate": null
    },
    {
      "TrainId": 1134,
      "TrainNumber": 1134,
      "TrainName": "DKL C (ENG NUM 8050+8075)",
      "TrainNameUR": "اسلام آباد ٹو تہران استنبول کنٹینر(آئ ٹی آئی )ڈاؤن",
      "TrainNameWithNumber": "DKL C (ENG NUM 8050+8075)1134",
      "TrainDescription": "Margala TO Jacobabad Jn",
      "IsActive": null,
      "Imei": "9172344925",
      "IsLive": true,
      "IsUp": false,
      "LocomotiveNumber": null,
      "TrainRideId": 0,
      "AllocatedDate": null
    },
    {
      "TrainId": 9042,
      "TrainNumber": 9042,
      "TrainName": "501 (ENG NUM 9003)",
      "TrainNameUR": "کارگوایکسپریس 503اپ ",
      "TrainNameWithNumber": "501 (ENG NUM 9003)9042",
      "TrainDescription": "Karachi City TO Faisalabad",
      "IsActive": null,
      "Imei": "9172344615",
      "IsLive": true,
      "IsUp": true,
      "LocomotiveNumber": null,
      "TrainRideId": 0,
      "AllocatedDate": null
    },
    {
      "TrainId": 9047,
      "TrainNumber": 9047,
      "TrainName": "503 UP (ENG NUM 6015)",
      "TrainNameUR": "فیصل آباد ڈرائ پورٹ کول ",
      "TrainNameWithNumber": "503 UP (ENG NUM 6015)9047",
      "TrainDescription": "Marshalling Yard Pipri (Myp) TO Faisalabad Dry Port",
      "IsActive": null,
      "Imei": "9172345762",
      "IsLive": true,
      "IsUp": true,
      "LocomotiveNumber": null,
      "TrainRideId": 0,
      "AllocatedDate": null
    }
  ]
}