{
  "meta": {
    "startedAt": "2025-09-30T23:07:56.709Z",
    "captureMs": 15000,
    "connectedAt": "2025-09-30T23:07:58.720Z",
    "disconnectReason": null,
    "errors": [],
    "finishedAt": "2025-09-30T23:08:11.867Z",
    "receivedCount": 40
  },
  "events": [
    {
      "event": "all-newtrains-delta",
      "receivedAt": "2025-09-30T23:07:59.264Z",
      "payload": {
        "3569900": {
          "35630099900": {
            "locomitiveNo": "6427",
            "lat": "31.166360",
            "lon": "74.092655",
            "last_updated": "1759273682",
            "late_by": "1263",
            "next_station": "112",
            "next_stop": "Sahiwal",
            "prev_station": "171",
            "sp": "0",
            "isTrainStation": "True",
            "isTrainStop": "False",
            "isFlagged": "False",
            "icon": "https://controlroomapi.pakraillive.com/Content/images/ico/YellowDown.png",
            "st": "A",
            "__last_updated": 1759273682072
          }
        }
      }
    },
    {
      "event": "all-newtrains-delta",
      "receivedAt": "2025-09-30T23:07:59.764Z",
      "payload": {
        "3099900": {
          "30929099900": {
            "locomitiveNo": "9003",
            "lat": "29.339337",
            "lon": "71.531825",
            "last_updated": "1759273683",
            "late_by": "2756",
            "next_station": "161",
            "next_stop": "Samasata Jn",
            "prev_station": "118",
            "sp": "0",
            "isTrainStation": "True",
            "isTrainStop": "False",
            "isFlagged": "False",
            "icon": "https://controlroomapi.pakraillive.com/Content/images/ico/YellowUp.png",
            "st": "A",
            "__last_updated": 1759273682564
          }
        }
      }
    },
    {
      "event": "all-newtrains-delta",
      "receivedAt": "2025-09-30T23:07:59.896Z",
      "payload": {
        "3139900": {
          "31330099900": {
            "locomitiveNo": "9013",
            "lat": "26.029705",
            "lon": "68.545518",
            "last_updated": "1759273683",
            "late_by": "1306",
            "next_station": "120",
            "next_stop": "Rohri Jn.",
            "prev_station": "173",
            "sp": "0",
            "isTrainStation": "True",
            "isTrainStop": "False",
            "isFlagged": "False",
            "icon": "https://controlroomapi.pakraillive.com/Content/images/ico/YellowUp.png",
            "st": "A",
            "__last_updated": 1759273682575
          }
        }
      }
    },
    {
      "event": "all-newtrains-delta",
      "receivedAt": "2025-09-30T23:08:00.759Z",
      "payload": {
        "19900": {
          "130099900": {
            "locomitiveNo": "6008",
            "lat": "25.508512",
            "lon": "68.525332",
            "last_updated": "1759273684",
            "late_by": "153",
            "next_station": "123",
            "next_stop": "Nawabshah Jn.",
            "prev_station": "126",
            "sp": "21",
            "isTrainStation": "True",
            "isTrainStop": "False",
            "isFlagged": "False",
            "icon": "https://controlroomapi.pakraillive.com/Content/images/ico/YellowUp.png",
            "st": "A",
            "__last_updated": 1759273683527
          }
        }
      }
    },
    {
      "event": "all-newtrains-delta",
      "receivedAt": "2025-09-30T23:08:00.929Z",
      "payload": {
        "5019900": {
          "50127099900": {
            "locomitiveNo": "9018",
            "lat": "25.724382",
            "lon": "68.653047",
            "last_updated": "1759273684",
            "late_by": "5638",
            "next_station": "125",
            "next_stop": "Tando Adam",
            "prev_station": "173",
            "sp": "50",
            "isTrainStation": "False",
            "isTrainStop": "False",
            "isFlagged": "False",
            "icon": "https://controlroomapi.pakraillive.com/Content/images/ico/BlueUp.png",
            "st": "A",
            "__last_updated": 1759273683714
          }
        }
      }
    },
    {
      "event": "all-newtrains-delta",
      "receivedAt": "2025-09-30T23:08:01.995Z",
      "payload": {
        "469900": {
          "4630099900": {
            "locomitiveNo": "6318",
            "lat": "27.685788",
            "lon": "68.895262",
            "last_updated": "1759273685",
            "late_by": "213",
            "next_station": "137",
            "next_stop": "Padidan",
            "prev_station": "120",
            "sp": "0",
            "isTrainStation": "True",
            "isTrainStop": "False",
            "isFlagged": "False",
            "icon": "https://controlroomapi.pakraillive.com/Content/images/ico/YellowDown.png",
            "st": "A",
            "__last_updated": 1759273684785
          }
        }
      }
    },
    {
      "event": "all-newtrains-delta",
      "receivedAt": "2025-09-30T23:08:02.969Z",
      "payload": {
        "149900": {
          "1430099900": {
            "locomitiveNo": "6314",
            "lat": "29.323330",
            "lon": "71.497242",
            "last_updated": "1759273686",
            "late_by": "74",
            "next_station": "160",
            "next_stop": "Dera Nawab Sahib",
            "prev_station": "161",
            "sp": "41",
            "isTrainStation": "False",
            "isTrainStop": "False",
            "isFlagged": "False",
            "icon": "https://controlroomapi.pakraillive.com/Content/images/ico/OrangeDown.png",
            "st": "A",
            "__last_updated": 1759273685776
          }
        }
      }
    },
    {
      "event": "all-newtrains-delta",
      "receivedAt": "2025-09-30T23:08:03.185Z",
      "payload": {
        "79900": {
          "729099900": {
            "locomitiveNo": "6416",
            "lat": "33.275258",
            "lon": "73.285003",
            "last_updated": "1759273686",
            "late_by": "554",
            "next_station": "130",
            "next_stop": "Chaklala",
            "prev_station": "102",
            "sp": "57",
            "isTrainStation": "False",
            "isTrainStop": "False",
            "isFlagged": "False",
            "icon": "https://controlroomapi.pakraillive.com/Content/images/ico/BlueUp.png",
            "st": "A",
            "__last_updated": 1759273685985
          }
        }
      }
    },
    {
      "event": "all-newtrains-delta",
      "receivedAt": "2025-09-30T23:08:03.830Z",
      "payload": {
        "3059900": {
          "30529099900": {
            "locomitiveNo": "9008",
            "lat": "29.809225",
            "lon": "71.721857",
            "last_updated": "1759273687",
            "late_by": "1987",
            "next_station": "147",
            "next_stop": "Jahania",
            "prev_station": "200",
            "sp": "0",
            "isTrainStation": "True",
            "isTrainStop": "False",
            "isFlagged": "False",
            "icon": "https://controlroomapi.pakraillive.com/Content/images/ico/YellowUp.png",
            "st": "A",
            "__last_updated": 1759273686594
          }
        }
      }
    },
    {
      "event": "all-newtrains-delta",
      "receivedAt": "2025-09-30T23:08:03.963Z",
      "payload": {
        "1469900": {
          "14630099900": {
            "locomitiveNo": "4553",
            "lat": "25.383192",
            "lon": "68.379175",
            "last_updated": "1759273687",
            "late_by": "4",
            "next_station": "126",
            "next_stop": "Hyderabad Jn",
            "prev_station": "125",
            "sp": "5",
            "isTrainStation": "True",
            "isTrainStop": "False",
            "isFlagged": "False",
            "icon": "https://controlroomapi.pakraillive.com/Content/images/ico/YellowDown.png",
            "st": "A",
            "__last_updated": 1759273686752
          }
        }
      }
    },
    {
      "event": "all-newtrains-delta",
      "receivedAt": "2025-09-30T23:08:03.964Z",
      "payload": {
        "3179900": {
          "31728099900": {
            "locomitiveNo": "9046",
            "lat": "30.204502",
            "lon": "71.875537",
            "last_updated": "1759273687",
            "late_by": "4148",
            "next_station": "115",
            "next_stop": "Khanewal Jn",
            "prev_station": "161",
            "sp": "49",
            "isTrainStation": "False",
            "isTrainStop": "False",
            "isFlagged": "False",
            "icon": "https://controlroomapi.pakraillive.com/Content/images/ico/BlueUp.png",
            "st": "A",
            "__last_updated": 1759273686760
          }
        }
      }
    },
    {
      "event": "all-newtrains-delta",
      "receivedAt": "2025-09-30T23:08:04.524Z",
      "payload": {
        "339900": {
          "3330099900": {
            "locomitiveNo": "9012",
            "lat": "27.684770",
            "lon": "68.898617",
            "last_updated": "1759273687",
            "late_by": "275",
            "next_station": "119",
            "next_stop": "Rahim Yar Khan",
            "prev_station": "120",
            "sp": "0",
            "isTrainStation": "False",
            "isTrainStop": "False",
            "isFlagged": "False",
            "icon": "https://controlroomapi.pakraillive.com/Content/images/ico/BlueUp.png",
            "st": "A",
            "__last_updated": 1759273687328
          }
        }
      }
    },
    {
      "event": "all-newtrains-delta",
      "receivedAt": "2025-09-30T23:08:05.170Z",
      "payload": {
        "3569900": {
          "35630099900": {
            "locomitiveNo": "6427",
            "lat": "31.166407",
            "lon": "74.092732",
            "last_updated": "1759273688",
            "late_by": "1263",
            "next_station": "112",
            "next_stop": "Sahiwal",
            "prev_station": "171",
            "sp": "0",
            "isTrainStation": "True",
            "isTrainStop": "False",
            "isFlagged": "False",
            "icon": "https://controlroomapi.pakraillive.com/Content/images/ico/YellowDown.png",
            "st": "A",
            "__last_updated": 1759273687964
          }
        }
      }
    },
    {
      "event": "all-newtrains-delta",
      "receivedAt": "2025-09-30T23:08:05.314Z",
      "payload": {
        "3039900": {
          "30329099900": {
            "locomitiveNo": "9015",
            "lat": "30.717062",
            "lon": "73.233608",
            "last_updated": "1759273688",
            "late_by": "2883",
            "next_station": "1330",
            "next_stop": "Yousuf Wala Railway Station",
            "prev_station": "112",
            "sp": "0",
            "isTrainStation": "True",
            "isTrainStop": "False",
            "isFlagged": "False",
            "icon": "https://controlroomapi.pakraillive.com/Content/images/ico/YellowUp.png",
            "st": "A",
            "__last_updated": 1759273688065
          }
        }
      }
    },
    {
      "event": "all-newtrains-delta",
      "receivedAt": "2025-09-30T23:08:05.546Z",
      "payload": {
        "459900": {
          "4529099900": {
            "locomitiveNo": "8317",
            "lat": "33.603007",
            "lon": "73.052628",
            "last_updated": "1759273688",
            "late_by": "635",
            "next_station": "101",
            "next_stop": "Rawalpindi",
            "prev_station": "130",
            "sp": "15",
            "isTrainStation": "False",
            "isTrainStop": "False",
            "isFlagged": "False",
            "icon": "https://controlroomapi.pakraillive.com/Content/images/ico/BlueUp.png",
            "st": "A",
            "__last_updated": 1759273688339
          }
        }
      }
    },
    {
      "event": "all-newtrains-delta",
      "receivedAt": "2025-09-30T23:08:05.685Z",
      "payload": {
        "19900": {
          "130099900": {
            "locomitiveNo": "6008",
            "lat": "25.508750",
            "lon": "68.525463",
            "last_updated": "1759273688",
            "late_by": "153",
            "next_station": "123",
            "next_stop": "Nawabshah Jn.",
            "prev_station": "126",
            "sp": "22",
            "isTrainStation": "False",
            "isTrainStop": "False",
            "isFlagged": "False",
            "icon": "https://controlroomapi.pakraillive.com/Content/images/ico/BlueUp.png",
            "st": "A",
            "__last_updated": 1759273688355
          }
        }
      }
    },
    {
      "event": "all-newtrains-delta",
      "receivedAt": "2025-09-30T23:08:06.111Z",
      "payload": {
        "79900": {
          "730099900": {
            "locomitiveNo": "9045",
            "lat": "27.751695",
            "lon": "69.050092",
            "last_updated": "1759273689",
            "late_by": "116",
            "next_station": "136",
            "next_stop": "Ghotki",
            "prev_station": "120",
            "sp": "56",
            "isTrainStation": "False",
            "isTrainStop": "False",
            "isFlagged": "False",
            "icon": "https://controlroomapi.pakraillive.com/Content/images/ico/BlueUp.png",
            "st": "A",
            "__last_updated": 1759273688919
          }
        }
      }
    },
    {
      "event": "all-newtrains-delta",
      "receivedAt": "2025-09-30T23:08:06.289Z",
      "payload": {
        "479900": {
          "4730099900": {
            "locomitiveNo": "6320",
            "lat": "29.051773",
            "lon": "71.010598",
            "last_updated": "1759273689",
            "late_by": "1088",
            "next_station": "161",
            "next_stop": "Samasata Jn",
            "prev_station": "119",
            "sp": "108",
            "isTrainStation": "False",
            "isTrainStop": "False",
            "isFlagged": "False",
            "icon": "https://controlroomapi.pakraillive.com/Content/images/ico/BlueUp.png",
            "st": "A",
            "__last_updated": 1759273689098
          }
        }
      }
    },
    {
      "event": "all-newtrains-delta",
      "receivedAt": "2025-09-30T23:08:07.314Z",
      "payload": {
        "89900": {
          "830099900": {
            "locomitiveNo": "6327",
            "lat": "27.669818",
            "lon": "68.880728",
            "last_updated": "1759273690",
            "late_by": "131",
            "next_station": "121",
            "next_stop": "Khairpur",
            "prev_station": "120",
            "sp": "61",
            "isTrainStation": "False",
            "isTrainStop": "False",
            "isFlagged": "False",
            "icon": "https://controlroomapi.pakraillive.com/Content/images/ico/OrangeDown.png",
            "st": "A",
            "__last_updated": 1759273690071
          }
        }
      }
    },
    {
      "event": "all-newtrains-delta",
      "receivedAt": "2025-09-30T23:08:07.455Z",
      "payload": {
        "399900": {
          "3930099900": {
            "locomitiveNo": "4568",
            "lat": "29.320010",
            "lon": "71.490832",
            "last_updated": "1759273690",
            "late_by": "116",
            "next_station": "161",
            "next_stop": "Samasata Jn",
            "prev_station": "118",
            "sp": "98",
            "isTrainStation": "False",
            "isTrainStop": "False",
            "isFlagged": "False",
            "icon": "https://controlroomapi.pakraillive.com/Content/images/ico/BlueUp.png",
            "st": "A",
            "__last_updated": 1759273690126
          }
        }
      }
    },
    {
      "event": "all-newtrains-delta",
      "receivedAt": "2025-09-30T23:08:07.928Z",
      "payload": {
        "409900": {
          "4030099900": {
            "locomitiveNo": "4563",
            "lat": "28.144238",
            "lon": "69.924778",
            "last_updated": "1759273691",
            "late_by": "92",
            "next_station": "136",
            "next_stop": "Ghotki",
            "prev_station": "138",
            "sp": "79",
            "isTrainStation": "False",
            "isTrainStop": "False",
            "isFlagged": "False",
            "icon": "https://controlroomapi.pakraillive.com/Content/images/ico/OrangeDown.png",
            "st": "A",
            "__last_updated": 1759273690730
          }
        }
      }
    },
    {
      "event": "all-newtrains-delta",
      "receivedAt": "2025-09-30T23:08:08.158Z",
      "payload": {
        "9059900": {
          "90530099900": {
            "locomitiveNo": "6011",
            "lat": "30.340480",
            "lon": "72.032418",
            "last_updated": "1759273691",
            "late_by": "1163",
            "next_station": "134",
            "next_stop": "Shorkot Cantt Jn",
            "prev_station": "115",
            "sp": "29",
            "isTrainStation": "False",
            "isTrainStop": "False",
            "isFlagged": "False",
            "icon": "https://controlroomapi.pakraillive.com/Content/images/ico/BlueUp.png",
            "st": "A",
            "__last_updated": 1759273690968
          }
        }
      }
    },
    {
      "event": "all-newtrains-delta",
      "receivedAt": "2025-09-30T23:08:08.306Z",
      "payload": {
        "399900": {
          "3930099900": {
            "locomitiveNo": "4568",
            "lat": "29.322497",
            "lon": "71.495778",
            "last_updated": "1759273691",
            "late_by": "116",
            "next_station": "161",
            "next_stop": "Samasata Jn",
            "prev_station": "118",
            "sp": "101",
            "isTrainStation": "False",
            "isTrainStop": "False",
            "isFlagged": "False",
            "icon": "https://controlroomapi.pakraillive.com/Content/images/ico/BlueUp.png",
            "st": "A",
            "__last_updated": 1759273691056
          }
        }
      }
    },
    {
      "event": "all-newtrains-delta",
      "receivedAt": "2025-09-30T23:08:08.307Z",
      "payload": {
        "399900": {
          "3930099900": {
            "locomitiveNo": "4568",
            "lat": "29.325592",
            "lon": "71.501868",
            "last_updated": "1759273691",
            "late_by": "116",
            "next_station": "161",
            "next_stop": "Samasata Jn",
            "prev_station": "118",
            "sp": "103",
            "isTrainStation": "False",
            "isTrainStop": "False",
            "isFlagged": "False",
            "icon": "https://controlroomapi.pakraillive.com/Content/images/ico/BlueUp.png",
            "st": "A",
            "__last_updated": 1759273691080
          }
        }
      }
    },
    {
      "event": "all-newtrains-delta",
      "receivedAt": "2025-09-30T23:08:08.438Z",
      "payload": {
        "129900": {
          "1230099900": {
            "locomitiveNo": "9017",
            "lat": "30.670387",
            "lon": "73.157575",
            "last_updated": "1759273691",
            "late_by": "-125",
            "next_station": "134",
            "next_stop": "Shorkot Cantt Jn",
            "prev_station": "238",
            "sp": "78",
            "isTrainStation": "False",
            "isTrainStop": "False",
            "isFlagged": "False",
            "icon": "https://controlroomapi.pakraillive.com/Content/images/ico/OrangeDown.png",
            "st": "A",
            "__last_updated": 1759273691127
          }
        }
      }
    },
    {
      "event": "all-newtrains-delta",
      "receivedAt": "2025-09-30T23:08:09.202Z",
      "payload": {
        "399900": {
          "3930099900": {
            "locomitiveNo": "4568",
            "lat": "29.325065",
            "lon": "71.500855",
            "last_updated": "1759273692",
            "late_by": "116",
            "next_station": "161",
            "next_stop": "Samasata Jn",
            "prev_station": "118",
            "sp": "103",
            "isTrainStation": "False",
            "isTrainStop": "False",
            "isFlagged": "False",
            "icon": "https://controlroomapi.pakraillive.com/Content/images/ico/BlueUp.png",
            "st": "A",
            "__last_updated": 1759273692003
          }
        }
      }
    },
    {
      "event": "all-newtrains-delta",
      "receivedAt": "2025-09-30T23:08:09.341Z",
      "payload": {
        "29900": {
          "229099900": {
            "locomitiveNo": "9038",
            "lat": "26.154202",
            "lon": "68.453458",
            "last_updated": "1759273692",
            "late_by": "190",
            "next_station": "126",
            "next_stop": "Hyderabad Jn",
            "prev_station": "123",
            "sp": "71",
            "isTrainStation": "False",
            "isTrainStop": "False",
            "isFlagged": "False",
            "icon": "https://controlroomapi.pakraillive.com/Content/images/ico/OrangeDown.png",
            "st": "A",
            "__last_updated": 1759273692037
          }
        }
      }
    },
    {
      "event": "all-newtrains-delta",
      "receivedAt": "2025-09-30T23:08:09.341Z",
      "payload": {
        "459900": {
          "4530099900": {
            "locomitiveNo": "9016",
            "lat": "27.683890",
            "lon": "68.901983",
            "last_updated": "1759273692",
            "late_by": "368",
            "next_station": "136",
            "next_stop": "Ghotki",
            "prev_station": "120",
            "sp": "9",
            "isTrainStation": "True",
            "isTrainStop": "False",
            "isFlagged": "False",
            "icon": "https://controlroomapi.pakraillive.com/Content/images/ico/YellowUp.png",
            "st": "A",
            "__last_updated": 1759273692112
          }
        }
      }
    },
    {
      "event": "all-newtrains-delta",
      "receivedAt": "2025-09-30T23:08:09.474Z",
      "payload": {
        "1069900": {
          "10601109900": {
            "locomitiveNo": "4566",
            "lat": "32.484920",
            "lon": "74.099145",
            "last_updated": "1759273692",
            "late_by": "54",
            "next_station": "108",
            "next_stop": "Lahore Jn.",
            "prev_station": "101",
            "sp": "56",
            "isTrainStation": "False",
            "isTrainStop": "False",
            "isFlagged": "False",
            "icon": "https://controlroomapi.pakraillive.com/Content/images/ico/OrangeDown.png",
            "st": "A",
            "__last_updated": 1759273692146
          }
        }
      }
    },
    {
      "event": "all-newtrains-delta",
      "receivedAt": "2025-09-30T23:08:09.779Z",
      "payload": {
        "429900": {
          "4230099900": {
            "locomitiveNo": "8225",
            "lat": "27.264997",
            "lon": "68.509163",
            "last_updated": "1759273693",
            "late_by": "14",
            "next_station": "126",
            "next_stop": "Hyderabad Jn",
            "prev_station": "120",
            "sp": "84",
            "isTrainStation": "False",
            "isTrainStop": "False",
            "isFlagged": "False",
            "icon": "https://controlroomapi.pakraillive.com/Content/images/ico/OrangeDown.png",
            "st": "A",
            "__last_updated": 1759273692587
          }
        }
      }
    },
    {
      "event": "all-newtrains-delta",
      "receivedAt": "2025-09-30T23:08:10.066Z",
      "payload": {
        "19900": {
          "129099900": {
            "locomitiveNo": "8310",
            "lat": "32.469482",
            "lon": "74.103818",
            "last_updated": "1759273693",
            "late_by": "323",
            "next_station": "105",
            "next_stop": "Gujrat",
            "prev_station": "106",
            "sp": "0",
            "isTrainStation": "True",
            "isTrainStop": "False",
            "isFlagged": "False",
            "icon": "https://controlroomapi.pakraillive.com/Content/images/ico/YellowUp.png",
            "st": "A",
            "__last_updated": 1759273692874
          }
        }
      }
    },
    {
      "event": "all-newtrains-delta",
      "receivedAt": "2025-09-30T23:08:10.206Z",
      "payload": {
        "379900": {
          "3729099900": {
            "locomitiveNo": "6406",
            "lat": "31.510508",
            "lon": "74.359498",
            "last_updated": "1759273693",
            "late_by": "376",
            "next_station": "108",
            "next_stop": "Lahore Jn.",
            "prev_station": "165",
            "sp": "48",
            "isTrainStation": "False",
            "isTrainStop": "False",
            "isFlagged": "False",
            "icon": "https://controlroomapi.pakraillive.com/Content/images/ico/BlueUp.png",
            "st": "A",
            "__last_updated": 1759273692877
          }
        }
      }
    },
    {
      "event": "all-newtrains-delta",
      "receivedAt": "2025-09-30T23:08:10.692Z",
      "payload": {
        "19900": {
          "130099900": {
            "locomitiveNo": "6008",
            "lat": "25.509000",
            "lon": "68.525602",
            "last_updated": "1759273693",
            "late_by": "153",
            "next_station": "123",
            "next_stop": "Nawabshah Jn.",
            "prev_station": "126",
            "sp": "23",
            "isTrainStation": "False",
            "isTrainStop": "False",
            "isFlagged": "False",
            "icon": "https://controlroomapi.pakraillive.com/Content/images/ico/BlueUp.png",
            "st": "A",
            "__last_updated": 1759273693299
          }
        }
      }
    },
    {
      "event": "all-newtrains-delta",
      "receivedAt": "2025-09-30T23:08:10.831Z",
      "payload": {
        "3629900": {
          "36224099900": {
            "locomitiveNo": "9047",
            "lat": "24.839538",
            "lon": "67.029568",
            "last_updated": "1759273694",
            "late_by": "8424",
            "next_station": "1329",
            "next_stop": "Marshalling Yard Pipri (Myp)",
            "prev_station": "173",
            "sp": "0",
            "isTrainStation": "True",
            "isTrainStop": "False",
            "isFlagged": "False",
            "icon": "https://controlroomapi.pakraillive.com/Content/images/ico/YellowDown.png",
            "st": "A",
            "__last_updated": 1759273693561
          }
        }
      }
    },
    {
      "event": "all-newtrains-delta",
      "receivedAt": "2025-09-30T23:08:10.982Z",
      "payload": {
        "479900": {
          "4730099900": {
            "locomitiveNo": "6320",
            "lat": "29.052768",
            "lon": "71.011082",
            "last_updated": "1759273694",
            "late_by": "1089",
            "next_station": "161",
            "next_stop": "Samasata Jn",
            "prev_station": "119",
            "sp": "107",
            "isTrainStation": "False",
            "isTrainStop": "False",
            "isFlagged": "False",
            "icon": "https://controlroomapi.pakraillive.com/Content/images/ico/BlueUp.png",
            "st": "A",
            "__last_updated": 1759273693649
          }
        }
      }
    },
    {
      "event": "all-newtrains-delta",
      "receivedAt": "2025-09-30T23:08:11.129Z",
      "payload": {
        "109900": {
          "1030099900": {
            "locomitiveNo": "6029",
            "lat": "26.748773",
            "lon": "68.286817",
            "last_updated": "1759273694",
            "late_by": "81",
            "next_station": "123",
            "next_stop": "Nawabshah Jn.",
            "prev_station": "174",
            "sp": "64",
            "isTrainStation": "False",
            "isTrainStop": "False",
            "isFlagged": "False",
            "icon": "https://controlroomapi.pakraillive.com/Content/images/ico/OrangeDown.png",
            "st": "A",
            "__last_updated": 1759273693922
          }
        }
      }
    },
    {
      "event": "all-newtrains-delta",
      "receivedAt": "2025-09-30T23:08:11.129Z",
      "payload": {
        "3569900": {
          "35630099900": {
            "locomitiveNo": "6427",
            "lat": "31.166472",
            "lon": "74.092820",
            "last_updated": "1759273694",
            "late_by": "1263",
            "next_station": "112",
            "next_stop": "Sahiwal",
            "prev_station": "171",
            "sp": "0",
            "isTrainStation": "True",
            "isTrainStop": "False",
            "isFlagged": "False",
            "icon": "https://controlroomapi.pakraillive.com/Content/images/ico/YellowDown.png",
            "st": "A",
            "__last_updated": 1759273693929
          }
        }
      }
    },
    {
      "event": "all-newtrains-delta",
      "receivedAt": "2025-09-30T23:08:11.306Z",
      "payload": {
        "119900": {
          "1130099900": {
            "locomitiveNo": "8211",
            "lat": "30.800130",
            "lon": "73.433720",
            "last_updated": "1759273694",
            "late_by": "-98",
            "next_station": "238",
            "next_stop": "Jhang Sadar",
            "prev_station": "134",
            "sp": "57",
            "isTrainStation": "False",
            "isTrainStop": "False",
            "isFlagged": "False",
            "icon": "https://controlroomapi.pakraillive.com/Content/images/ico/BlueUp.png",
            "st": "A",
            "__last_updated": 1759273694116
          }
        }
      }
    },
    {
      "event": "all-newtrains-delta",
      "receivedAt": "2025-09-30T23:08:11.446Z",
      "payload": {
        "379900": {
          "3730099900": {
            "locomitiveNo": "4565",
            "lat": "26.431922",
            "lon": "68.332098",
            "last_updated": "1759273694",
            "late_by": "177",
            "next_station": "137",
            "next_stop": "Padidan",
            "prev_station": "123",
            "sp": "62",
            "isTrainStation": "False",
            "isTrainStop": "False",
            "isFlagged": "False",
            "icon": "https://controlroomapi.pakraillive.com/Content/images/ico/BlueUp.png",
            "st": "A",
            "__last_updated": 1759273694173
          }
        }
      }
    },
    {
      "event": "all-newtrains-delta",
      "receivedAt": "2025-09-30T23:08:11.446Z",
      "payload": {
        "99900": {
          "929099900": {
            "locomitiveNo": "6429",
            "lat": "32.498005",
            "lon": "74.539590",
            "last_updated": "1759273694",
            "late_by": "618",
            "next_station": "208",
            "next_stop": "Sialkot Jn",
            "prev_station": "207",
            "sp": "0",
            "isTrainStation": "True",
            "isTrainStop": "False",
            "isFlagged": "False",
            "icon": "https://controlroomapi.pakraillive.com/Content/images/ico/YellowUp.png",
            "st": "A",
            "__last_updated": 1759273694203
          }
        }
      }
    }
  ]
}